"id","動畫名","總觀看數","平均觀看數","年份","月份","集數","星級","評分人數","導演監督","台灣代理","製作廠商","作品分類1","作品分類2","作品分類3","作品分類4","作品分類5","作品分類6","原作載體","新續作"
1,"獻祭公主與獸王",407000,16958,"2023","04",24,"4.9",2068,"今千秋","ANIPLUS","J.C.STAFF","奇幻","戀愛",NULL,NULL,NULL,NULL,"漫畫改編","新作"
2,"國王排名 勇氣的寶箱",303000,30300,"2023","04",10,"4.5",1995,"八田洋介","羚邦","WIT STUDIO","冒險","奇幻","勵志","溫馨",NULL,NULL,"漫畫改編","續作"
3,"魔術士歐菲 流浪之旅 聖域篇",37000,3083,"2023","04",12,"3.2",216,"濱名孝行","羚邦","Studio DEEN","冒險","奇幻",NULL,NULL,NULL,NULL,"小說改編","續作"
4,"【我推的孩子】",7065000,642273,"2023","04",11,"4.9",52618,"平牧大輔","羚邦","動畫工房 (DOGAKOBO)","親情","偶像","懸疑",NULL,NULL,NULL,"漫畫改編","新作"
5,"屍體如山的死亡遊戲",2678000,133900,"2023","04",20,"4.8",10096,"小野學","羚邦","GEEK TOYS","動作","冒險","異世界","血腥暴力",NULL,NULL,"漫畫改編","續作"
6,"境界服務",13000,1083,"2023","04",12,"3.8",84,"迫井政行","ANIPLUS","Studio 3Hz","動作","科幻","喜劇","職場",NULL,NULL,"原創作品","新作"
7,"她去公爵家的理由",613000,51083,"2023","04",12,"4.6",2508,"山元隼一","曼迪","颱風Graphics","異世界","戀愛","推理",NULL,NULL,NULL,"小說改編","新作"
8,"放學後失眠的你",467000,35923,"2023","04",13,"4.9",4467,"池田由紀","木棉花","LIDENFILMS","校園","戀愛","青春",NULL,NULL,NULL,"漫畫改編","新作"
9,"鬼滅之刃 刀匠村篇",5488000,498909,"2023","04",11,"4.8",18562,"外崎春雄","木棉花","ufotable","動作","冒險","奇幻","血腥暴力",NULL,NULL,"漫畫改編","續作"
10,"藍色管弦樂",243000,10125,"2023","04",24,"4.8",1029,"岸誠二","ANIPLUS","日本動畫公司","校園","青春","音樂",NULL,NULL,NULL,"漫畫改編","新作"
11,"鄰人似銀河",524000,43667,"2023","04",12,"4.8",4008,"木村隆一","羚邦","旭Production","戀愛","溫馨",NULL,NULL,NULL,NULL,"漫畫改編","新作"
12,"機動戰士鋼彈 水星的魔女 Season 2",1451000,120917,"2023","04",12,"4.9",8597,"⼩林寬","羚邦","SUNRISE","科幻","機甲","校園","戰爭",NULL,NULL,"原創作品","續作"
13,"肌肉魔法使-MASHLE-",3603000,277154,"2023","04",13,"4.8",13340,"田中智也","羚邦","A-1 Pictures","奇幻","魔法","校園","喜劇",NULL,NULL,"漫畫改編","新作"
14,"第二次被異世界召喚",950000,79167,"2023","04",12,"3.3",4175,"中西基樹","羚邦","Studio Elle","冒險","奇幻","異世界","喜劇",NULL,NULL,"小說改編","新作"
15,"江戶前精靈",919000,76583,"2023","04",12,"4.9",7369,"安齋剛文","羚邦","C2C","喜劇","歷史",NULL,NULL,NULL,NULL,"漫畫改編","新作"
16,"小鳥之翼 第二季",151000,12583,"2023","04",12,"4.8",1254,"稲垣隆行","羚邦","BN Pictures","運動","競技",NULL,NULL,NULL,NULL,"原創作品","續作"
17,"勇者死了！",1320000,110000,"2023","04",12,"4.7",5679,"久城凜音","木棉花","LIDENFILMS","冒險","奇幻","喜劇",NULL,NULL,NULL,"漫畫改編","新作"
18,"Opus.COLORs 色彩高校星",54000,4500,"2023","04",12,"4.3",363,"多田俊介","提恩傳媒","C-Station","科幻","校園","青春","音樂",NULL,NULL,"原創作品","新作"
19,"魔法少女毀滅者",10000,833,"2023","04",12,"3.1",125,"博史池畠","ANIPLUS","Bibury Animation Studios","冒險","奇幻","喜劇",NULL,NULL,NULL,"原創作品","新作"
20,"六道的惡女們",265000,22083,"2023","04",12,"4.7",1486,"齊藤啓也","木棉花","SATELIGHT","校園","戀愛","青春",NULL,NULL,NULL,"漫畫改編","新作"
21,"為美好的世界獻上爆焰！",2483000,206917,"2023","04",12,"4.9",18462,"安部祐二郎","羚邦","Drive","奇幻","魔法","校園","喜劇",NULL,NULL,"小說改編","續作"
22,"魔法使的新娘 第二季",1067000,50810,"2023","04",21,"4.9",5124,"寺澤和晃","曼迪","STUDIO KAFKA","冒險","奇幻","魔法","戀愛","溫馨",NULL,"漫畫改編","續作"
23,"百合是我的工作！",303000,25250,"2023","04",12,"4.6",2191,"三瓶聖","提恩傳媒","Passione×Studio Lings","喜劇","戀愛",NULL,NULL,NULL,NULL,"漫畫改編","新作"
24,"Dr.STONE 新石紀 第三季",1950000,102632,"2023","04",19,"4.9",7100,"松下周平","羚邦","TMS Entertainment","動作","冒險","奇幻","科幻","勵志",NULL,"漫畫改編","續作"
25,"無神世界的神明活動",2496000,208000,"2023","04",12,"4.9",14881,"稻葉友紀","羚邦","studio Palette","冒險","奇幻",NULL,NULL,NULL,NULL,"漫畫改編","新作"
26,"躍動青春",192000,16000,"2023","04",12,"5",2359,"出合小都美","ANIPLUS","P.A.WORKS","校園","喜劇","青春",NULL,NULL,NULL,"漫畫改編","新作"
27,"在異世界獲得超強能力的我，在現實世界照樣無敵～等級提升改變人生命運～",2984000,229538,"2023","04",13,"3.6",15740,"田邊慎吾","木棉花","Millepensee","冒險","奇幻","異世界","超能力",NULL,NULL,"小說改編","新作"
28,"機戰少女 Alice Expansion",94000,7833,"2023","04",12,"4.5",681,"花井宏和","羚邦","NOMAD","科幻","機甲","喜劇",NULL,NULL,NULL,"漫畫改編","新作"
29,"絆之 Allele",103000,8583,"2023","04",12,"4.2",1251,"駒屋健一郎","提恩傳媒","WIT STUDIO×SIGNAL.MD","校園","偶像","音樂",NULL,NULL,NULL,"原創作品","新作"
30,"熊熊勇闖異世界 PUNCH！",829000,69083,"2023","04",12,"4.7",4730,"信田悠","木棉花","EMT Squared","動作","冒險","奇幻","異世界",NULL,NULL,"小說改編","續作"
31,"帶著智慧型手機闖蕩異世界。2",918000,76500,"2023","04",12,"3.8",5712,"岩崎良明","羚邦","J.C.STAFF","冒險","奇幻","異世界",NULL,NULL,NULL,"小說改編","續作"
32,"轉生貴族的異世界冒險錄～不知自重的眾神使徒～",1989000,165750,"2023","04",12,"3.9",8982,"中村憲由","曼迪","EMT Squared×Magic Bus","冒險","奇幻","異世界",NULL,NULL,NULL,"小說改編","新作"
33,"和山田談場 Lv999 的戀愛",2895000,222692,"2023","04",13,"4.9",15384,"淺香守生","曼迪","MADHOUSE","喜劇","戀愛",NULL,NULL,NULL,NULL,"漫畫改編","新作"
34,"我家的英雄",607000,50583,"2023","04",12,"4.8",3902,"龜井隆","羚邦","手塚製作","親情","懸疑","黑暗",NULL,NULL,NULL,"漫畫改編","新作"
35,"MIX 第二季 ~第二個夏天，邁向晴空~",170000,7083,"2023","04",24,"4.6",565,"神谷智大","曼迪","OLM","校園","青春","勵志","運動","競技",NULL,"漫畫改編","續作"
36,"我內心的糟糕念頭",2304000,192000,"2023","04",12,"4.9",18761,"赤城博昭","羚邦","新銳動畫","校園","喜劇","戀愛",NULL,NULL,NULL,"漫畫改編","新作"
37,"輝夜姬想讓人告白－永不結束的初吻－",788000,197000,"2023","04",4,"5",11239,"畠山守","木棉花","A-1 Pictures","校園","喜劇","戀愛",NULL,NULL,NULL,"漫畫改編","續作"
38,"魔術士歐菲 流浪之旅 阿邦拉馬篇",67000,5583,"2023","01",12,"3.7",304,"濱名孝行","羚邦","Studio DEEN","冒險","奇幻",NULL,NULL,NULL,NULL,"小說改編","續作"
39,"卡片戰鬥!! 先導者 will+Dress 第二季",24000,2000,"2023","01",12,"3.5",137,"森賢、鈴木龍太郎","元美國際映像","Kinema Citrus、岐阜Animation、STUDIO JEMI","運動","競技",NULL,NULL,NULL,NULL,"遊戲改編","續作"
40,"真・進化果實～不知不覺踏上勝利的人生～",472000,39333,"2023","01",12,"2.9",3220,"奧村吉昭","鶴月文化","HOTLINE","冒險","奇幻",NULL,NULL,NULL,NULL,"小說改編","新作"
41,"狩火之王",163000,16300,"2023","01",10,"4.7",923,"西村純二","曼迪","SIGNAL.MD","冒險","奇幻",NULL,NULL,NULL,NULL,"小說改編","新作"
42,"怕痛的我，把防禦力點滿就對了 第二季",2673000,222750,"2023","01",12,"4.8",11460,"大沼心","木棉花","SILVER LINK.","冒險","奇幻","喜劇",NULL,NULL,NULL,"小說改編","續作"
43,"擁有超常技能的異世界流浪美食家",3465000,288750,"2023","01",12,"4.9",22064,"松田清","木棉花","MAPPA","冒險","奇幻","異世界","料理",NULL,NULL,"小說改編","新作"
44,"妖幻三重奏",374000,31167,"2023","01",12,"4.8",2641,"秋田谷典昭","羚邦","CONNECT","校園","喜劇","戀愛","靈異神怪",NULL,NULL,"漫畫改編","新作"
45,"久保同學不放過我",1412000,117667,"2023","01",12,"4.9",12679,"古賀一臣","鶴月文化","PINE JAM","校園","戀愛","青春",NULL,NULL,NULL,"漫畫改編","新作"
46,"物之古物奇譚",1261000,52542,"2023","01",24,"4.8",4895,"木村隆一","木棉花","BN Pictures","奇幻","靈異神怪",NULL,NULL,NULL,NULL,"漫畫改編","續作"
47,"英雄王，為了窮盡武道而轉生～而後成為世界最強見習騎士♀～",1659000,138250,"2023","01",12,"4.4",7068,"葛谷直行","木棉花","STUDIO COMET","冒險","奇幻",NULL,NULL,NULL,NULL,"小說改編","新作"
48,"吸血鬼馬上死 第二季",467000,38917,"2023","01",12,"4.9",2965,"神志那弘志","木棉花","MADHOUSE","奇幻","喜劇","靈異神怪",NULL,NULL,NULL,"漫畫改編","續作"
49,"再得一勝！",174000,13385,"2023","01",13,"4.9",1491,"荻原健","木棉花","BAKKEN RECORD","青春","勵志","運動","競技",NULL,NULL,"漫畫改編","新作"
50,"HIGH CARD 至高之牌",41000,3417,"2023","01",12,"4.7",229,"和田純一","ANIPLUS","雲雀工作室","動作","超能力",NULL,NULL,NULL,NULL,"原創作品","新作"
51,"UniteUp! 眾星齊聚",132000,11000,"2023","01",12,"4.8",914,"牛嶋新一郎","木棉花","CloverWorks","偶像","音樂",NULL,NULL,NULL,NULL,"原創作品","新作"
52,"魔王學院的不適任者～史上最強的魔王始祖，轉生就讀子孫們的學校～第二季",1718000,143167,"2023","01",12,"4.6",6500,"大沼心、田村正文","木棉花","SILVER LINK.","冒險","奇幻",NULL,NULL,NULL,NULL,"小說改編","續作"
53,"眾神眷顧的男人 2",971000,80917,"2023","01",12,"4.4",3341,"柳瀨雄之","羚邦","MAHO FILM","冒險","奇幻",NULL,NULL,NULL,NULL,"小說改編","續作"
54,"D4DJ All Mix",124000,10333,"2023","01",12,"4.9",941,"水島精二、鈴木大介","羚邦","三次元","校園","青春","偶像","音樂",NULL,NULL,"遊戲改編","續作"
55,"不要欺負我，長瀞同學 2nd Attack",673000,56083,"2023","01",12,"4.9",4462,"後信治","羚邦","OLM","校園","喜劇","戀愛","青春",NULL,NULL,"漫畫改編","續作"
56,"萬事屋齋藤先生轉生異世界",432000,36000,"2023","01",12,"4.9",3304,"窪岡俊之","ANIPLUS","C2C","冒險","奇幻","異世界",NULL,NULL,NULL,"漫畫改編","新作"
57,"尼爾：自動人形 Ver1.1a",1099000,91583,"2023","01",12,"4.9",7812,"益山亮司","羚邦","A-1 Pictures","動作","科幻","黑暗",NULL,NULL,NULL,"遊戲改編","新作"
58,"虛構推理 第二季",873000,72750,"2023","01",12,"4.9",4667,"後藤圭二","木棉花","Brain's Base","超能力","推理","靈異神怪",NULL,NULL,NULL,"小說改編","續作"
59,"最強陰陽師的異世界轉生記",3032000,233231,"2023","01",13,"4.6",10008,"澀谷亮介","羚邦","Studio Blanc.","冒險","奇幻",NULL,NULL,NULL,NULL,"小說改編","新作"
60,"TRIGUN STAMPEDE",577000,48083,"2023","01",12,"4.9",3935,"武藤健司","羚邦","Orange","動作","冒險","科幻",NULL,NULL,NULL,"漫畫改編","續作"
61,"Buddy Daddies 殺手奶爸",820000,63077,"2023","01",13,"4.9",5545,"浅井義之","曼迪","P.A.WORKS","動作","喜劇","溫馨",NULL,NULL,NULL,"原創作品","新作"
62,"被解僱的暗黑士兵（30多歲）開始了慢生活的第二人生",1403000,116917,"2023","01",12,"4.7",5272,"追崎史敏","羚邦","ENCOURAGE FILMS","冒險","奇幻",NULL,NULL,NULL,NULL,"小說改編","新作"
63,"關於我在無意間被隔壁的天使變成廢柴這件事",2380000,198333,"2023","01",12,"4.7",13152,"王麗花","羚邦","project No.9","校園","戀愛","溫馨",NULL,NULL,NULL,"小說改編","新作"
64,"阿魯斯的巨獸",342000,28500,"2023","01",12,"4.5",2019,"小黑晃","羚邦","旭Production","冒險","奇幻",NULL,NULL,NULL,NULL,"原創作品","新作"
65,"英雄傳說 閃之軌跡：北方戰役",194000,16167,"2023","01",12,"4.2",856,"佐藤英一","鶴月文化","龍之子製作","冒險","奇幻","戰爭",NULL,NULL,NULL,"遊戲改編","新作"
66,"異世界悠閒農家",2888000,240667,"2023","01",12,"4.9",13249,"倉谷涼一","木棉花","ZERO-G","異世界","魔法","悠閒",NULL,NULL,NULL,"小說改編","新作"
67,"Love Live！虹咲學園 學園偶像同好會 短篇動畫",83000,6917,"2023","01",12,"4.8",979,"堀內勇治","木棉花","SUNRISE","校園","青春",NULL,NULL,NULL,NULL,"漫畫改編","新作"
68,"銀砂糖師與黑妖精～sugar apple fairy tale～",1044000,43500,"2023","01",24,"4.6",4199,"鈴木洋平","木棉花","J.C.STAFF","冒險","奇幻","戀愛",NULL,NULL,NULL,"小說改編","續作"
69,"冰劍的魔術師將要統一世界",1157000,96417,"2023","01",12,"3.3",5841,"高田昌弘","羚邦","CLOUD HEARTS","冒險","奇幻",NULL,NULL,NULL,NULL,"小說改編","新作"
70,"D4DJ Double Mix",17000,17000,"2023","01",1,"4.9",423,"水島精二、鈴木大介","羚邦","三次元","校園","青春","偶像","音樂",NULL,NULL,"遊戲改編","續作"
71,"名偵探柯南 灰原哀物語～黑鐵的神祕列車～",67000,67000,"2023","01",1,"4.9",673,"宮下隼一","曼迪","TMS Entertainment","推理","懸疑",NULL,NULL,NULL,NULL,"漫畫改編","新作"
72,"無意間變成狗，被喜歡的女生撿回家。",476000,34000,"2023","01",14,"4.6",4163,"安藤貴史","羚邦","Quad","戀愛",NULL,NULL,NULL,NULL,NULL,"漫畫改編","新作"
73,"TechnoRoid 超越意志",77000,6417,"2023","01",12,"4.3",541,"イムガヒ","曼迪","動畫工房","科幻","偶像","音樂",NULL,NULL,NULL,"原創作品","新作"
74,"小智是女孩啦！",1293000,99462,"2023","01",13,"4.9",7482,"難波日登志","曼迪","Lay-duce","校園","戀愛",NULL,NULL,NULL,NULL,"漫畫改編","新作"
75,"無意間變成狗，被喜歡的女生撿回家。 年齡限制版",481000,34357,"2023","01",14,"4.6",4163,"安藤貴史","羚邦","Quad","戀愛",NULL,NULL,NULL,NULL,NULL,"漫畫改編","新作"
76,"在地下城尋求邂逅是否搞錯了什麼 第四季",5268000,229043,"2023","01",23,"4.8",13058,"橘秀樹","木棉花","J.C.STAFF","動作","冒險","奇幻",NULL,NULL,NULL,"小說改編","續作"
77,"不當哥哥了！",1618000,134833,"2023","01",12,"4.9",10981,"藤井慎吾","羚邦","Studio Bind","校園","喜劇","親情",NULL,NULL,NULL,"漫畫改編","新作"
78,"間諜教室",1215000,50625,"2023","01",24,"4.3",6142,"川口敬一郎","木棉花","feel.","動作","校園","推理",NULL,NULL,NULL,"小說改編","續作"
79,"轉生公主與天才千金的魔法革命",2033000,169417,"2023","01",12,"4.9",15431,"玉木慎吾","木棉花","diomedéa","冒險","奇幻","異世界","戀愛","GL",NULL,"小說改編","新作"
80,"冰屬性男子與無表情女子",1038000,86500,"2023","01",12,"4.9",7726,"萬球","羚邦","ZERO-G×Liber","奇幻","戀愛","職場",NULL,NULL,NULL,"漫畫改編","新作"
81,"文豪野犬 第四季",165000,12692,"2023","01",13,"4.9",614,"五十嵐卓哉","ANIPLUS","BONES","動作","超能力",NULL,NULL,NULL,NULL,"漫畫改編","續作"
82,"不相信人類的冒險者們好像要去拯救世界",995000,82917,"2023","01",12,"4.1",4210,"伊魔崎齋","木棉花","GEEK TOYS","冒險","奇幻",NULL,NULL,NULL,NULL,"小說改編","新作"
84,"我與機器子",1509000,53893,"2022","12",28,"4.9",5440,"大地丙太郎","羚邦","GALLOP","喜劇","泡麵番",NULL,NULL,NULL,NULL,"漫畫改編","新作"
86,"刀劍神域10週年紀念 Sword Art Online -FULLDIVE-",46000,46000,"2022","11",1,"4.9",867,"","木棉花","","音樂","真人演出",NULL,NULL,NULL,NULL,"小說改編","續作"
87,"艦隊 Collection 總有一天，在那片海",14000,1750,"2022","11",8,"4.3",182,"三浦和也","ANIPLUS","ENGI","機甲","歷史","戰爭",NULL,NULL,NULL,"遊戲改編","續作"
88,"名偵探柯南 警察學校篇 Wild Police Story CASE.諸伏景光",35000,35000,"2022","10",1,"4.9",244,"","曼迪","","推理","懸疑",NULL,NULL,NULL,NULL,"漫畫改編","新作"
89,"給不滅的你 第二季",931000,46550,"2022","10",20,"4.9",3696,"佐山聖子","羚邦","Drive","冒險","奇幻","感人",NULL,NULL,NULL,"漫畫改編","續作"
91,"我們的黎明",1680,1680,"2022","10",1,"4.3",40,"黑川智之","采昌","ZERO-G","冒險","科幻","溫馨","感人","闔家觀賞",NULL,"漫畫改編","新作"
92,"天使降臨到我身邊！珍貴的朋友",9894,9894,"2022","10",1,"5",604,"平牧大輔","采昌","動畫工房","喜劇","溫馨","悠閒","闔家觀賞",NULL,NULL,"漫畫改編","續作"
93,"她來自煩星",938000,40783,"2022","10",23,"4.9",4687,"高橋秀彌、木村泰大","羚邦","david production","喜劇","戀愛",NULL,NULL,NULL,NULL,"漫畫改編","新作"
94,"呆萌酷男孩",1190000,49583,"2022","10",24,"4.9",4704,"今千秋","曼迪","Studio Pierrot","喜劇","青春","悠閒",NULL,NULL,NULL,"漫畫改編","新作"
95,"鏈鋸人",1219000,101583,"2022","10",12,"4.8",11573,"中山龍","羚邦","MAPPA","動作","血腥暴力",NULL,NULL,NULL,NULL,"漫畫改編","新作"
96,"彼得・格里爾的賢者時間 Super Extra 年齡限制版",402000,33500,"2022","10",12,"4.3",1850,"辰美","木棉花","WolfsBane×Animation StudiO Seven","奇幻","喜劇",NULL,NULL,NULL,NULL,"漫畫改編","續作"
97,"彼得・格里爾的賢者時間 Super Extra",167000,13917,"2022","10",12,"4.3",1850,"辰美","木棉花","WolfsBane×Animation StudiO Seven","奇幻","喜劇",NULL,NULL,NULL,NULL,"漫畫改編","續作"
98,"BLEACH 死神 千年血戰篇",2645000,203462,"2022","10",13,"4.9",11253,"田口智久","羚邦","Studio Pierrot","動作","冒險","奇幻","血腥暴力",NULL,NULL,"漫畫改編","續作"
99,"藍色監獄",4921000,205042,"2022","10",24,"4.9",12292,"渡邊徹明、石川俊介","羚邦","8bit","動作","運動","競技",NULL,NULL,NULL,"漫畫改編","新作"
100,"孤獨搖滾！",7579000,631583,"2022","10",12,"5",44820,"齋藤圭一郎","曼迪","CloverWorks","校園","喜劇","青春","勵志","音樂",NULL,"漫畫改編","新作"
101,"夫婦以上，戀人未滿",1480000,123333,"2022","10",12,"4.8",8497,"山元隼一","羚邦","studio MOTHER","校園","戀愛","青春",NULL,NULL,NULL,"漫畫改編","新作"
102,"飆速宅男 第五季",175000,7000,"2022","10",25,"4.8",237,"鍋島修","曼迪","TMS Entertainment","校園","勵志","運動",NULL,NULL,NULL,"漫畫改編","續作"
103,"聖劍傳說 Legend of Mana - The Teardrop Crystal -",158000,12154,"2022","10",13,"3.9",679,"神保昌登","木棉花","Graphinica、橫浜動畫研究所","冒險","奇幻",NULL,NULL,NULL,NULL,"原創作品","新作"
104,"PUI PUI 天竺鼠車車 駕訓班篇",385000,32083,"2022","10",12,"4.8",2535,"小野花","木棉花","新銳動畫、Japan Green Hearts","喜劇","溫馨","悠閒","闔家觀賞","泡麵番",NULL,"原創作品","續作"
105,"入間同學入魔了！第三季",2209000,105190,"2022","10",21,"4.9",7232,"森脇真琴","木棉花","Bandai Namco Pictures","冒險","奇幻","校園","喜劇","靈異神怪",NULL,"漫畫改編","續作"
106,"僕愛君愛：致深愛妳的那個我",10000,10000,"2022","10",1,"4.9",373,"笠井賢一","采昌","TMS Entertainment","科幻","戀愛","青春","感人","時間穿越",NULL,"小說改編","新作"
107,"僕愛君愛：致我深愛的每個妳",8753,8753,"2022","10",1,"4.9",349,"松本淳","采昌","BAKKEN RECORD","科幻","戀愛","青春","感人","時間穿越",NULL,"小說改編","新作"
108,"書蟲公主",486000,40500,"2022","10",12,"4.7",2211,"岩崎太郎","羚邦","MADHOUSE","戀愛",NULL,NULL,NULL,NULL,NULL,"小說改編","新作"
109,"MUV-LUV ALTERNATIVE 第二季",228000,19000,"2022","10",12,"4.5",916,"西本由紀夫","木棉花","FLAGSHIP LINE×夢太公司×Graphinica","科幻","機甲","戀愛",NULL,NULL,NULL,"遊戲改編","續作"
110,"不道德公會",643000,53583,"2022","10",12,"4.8",3356,"朝岡卓矢","羚邦","TNK","冒險","奇幻","魔法","喜劇",NULL,NULL,"漫畫改編","新作"
111,"路人超能 100 第三季",1942000,161833,"2022","10",12,"5",13968,"立川讓、蓮井隆弘","木棉花","BONES","動作","超能力","勵志","溫馨","感人","靈異神怪","漫畫改編","續作"
112,"我想成為影之強者！",8684000,434200,"2022","10",20,"4.9",26016,"中西和也","羚邦","Nexus","動作","奇幻","異世界","魔法","校園","血腥暴力","小說改編","續作"
113,"菜鳥鍊金術師開店營業中",1154000,96167,"2022","10",12,"4.6",4568,"博史池畠","木棉花","ENGI","奇幻","魔法","溫馨",NULL,NULL,NULL,"小說改編","新作"
114,"被勇者隊伍開除的馭獸使，邂逅了最強種的貓耳少女",2148000,165231,"2022","10",13,"4.5",8136," 濁川敦","木棉花","EMT Squared","冒險","奇幻","魔法",NULL,NULL,NULL,"小說改編","新作"
115,"烙印勇士 黃金時代篇 MEMORIAL EDITION 年齡限制版",217000,16692,"2022","10",13,"4.7",1450,"佐野雄太","曼迪","STUDIO４℃","冒險","奇幻","戰爭","血腥暴力","黑暗",NULL,"漫畫改編","續作"
116,"點滿農民相關技能後，不知為何就變強了。",1326000,110500,"2022","10",12,"2.7",6219,"長濱亘彥","鶴月文化","studio A-CAT","冒險","奇幻","喜劇",NULL,NULL,NULL,"小說改編","新作"
117,"後宮之烏",936000,72000,"2022","10",13,"4.9",4775,"宮脇千鶴","羚邦","BN Pictures","戀愛","靈異神怪",NULL,NULL,NULL,NULL,"小說改編","新作"
118,"我的英雄學院 第六季",3882000,155280,"2022","10",25,"4.8",9025,"長崎健司、向井雅浩","羚邦","BONES","動作","超能力","校園","勵志",NULL,NULL,"漫畫改編","續作"
119,"我家師傅沒有尾巴",219000,16846,"2022","09",13,"4.8",1677,"山本秀世","羚邦","LIDENFILMS","悠閒","歷史",NULL,NULL,NULL,NULL,"漫畫改編","新作"
120,"轉生就是劍",2791000,232583,"2022","09",12,"4.9",12419,"石平信司","羚邦","C2C","動作","冒險","奇幻","異世界","魔法",NULL,"小說改編","新作"
121,"機動戰士鋼彈 水星的魔女",2354000,181077,"2022","09",13,"4.8",10551,"小林寬","羚邦","SUNRISE","科幻","機甲","校園","戰爭",NULL,NULL,"原創作品","續作"
122,"因為是反派大小姐所以養了魔王",874000,72833,"2022","09",12,"4.6",3880,"羽原久美子","羚邦","MAHO FILM.","奇幻","戀愛",NULL,NULL,NULL,NULL,"小說改編","新作"
124,"風都偵探",816000,68000,"2022","08",12,"4.9",4505,"椛島洋介","木棉花","Studio KAI","動作","科幻","推理",NULL,NULL,NULL,"漫畫改編","新作"
125,"歌之☆王子殿下♪ 真愛 ST☆RISH TOURS～旅程的起點～",9930,9930,"2022","07",1,"4.8",182,"永岡智佳","曼迪","A-1 Pictures","戀愛","偶像","音樂",NULL,NULL,NULL,"原創作品","續作"
126,"新來的女傭有點怪",484000,44000,"2022","07",11,"4.7",2928,"星野美鈴","羚邦","SILVER LINK.×BLADE","喜劇","戀愛","悠閒",NULL,NULL,NULL,"漫畫改編","新作"
127,"暴太郎戰隊 Don Brothers THE MOVIE 新．初戀英雄",3723,3723,"2022","07",1,"4.5",45,"田崎龍太","木棉花","東映","動作","科幻","特攝","真人演出","闔家觀賞",NULL,"原創作品","新作"
129,"Love Live! SuperStar!! 第二季",268000,22333,"2022","07",12,"4.1",2027,"京極尚彦","木棉花","SUNRISE","校園","青春","偶像","音樂",NULL,NULL,"漫畫改編","續作"
130,"打工吧，魔王大人！第二季",1645000,65800,"2022","07",25,"4.3",4879,"筑紫大介","木棉花","Studio 3Hz","奇幻","異世界","喜劇","戀愛",NULL,NULL,"小說改編","續作"
131,"東方少年 第二季",188000,15667,"2022","07",12,"4.5",527,"柳沢テツヤ","羚邦","Ａ・Ｃ・Ｇ・Ｔ","動作","冒險","靈異神怪",NULL,NULL,NULL,"漫畫改編","續作"
132,"異世界藥局",2199000,183250,"2022","07",12,"4.8",7935,"草川啓造","木棉花","diomedéa","奇幻","異世界",NULL,NULL,NULL,NULL,"小說改編","新作"
133,"Dr.STONE 新石紀 (龍水)",360000,180000,"2022","07",2,"4.9",3508,"松下周平","羚邦","TMS Entertainment","動作","冒險","奇幻","科幻","勵志",NULL,"漫畫改編","續作"
134,"黑之召喚士",1916000,159667,"2022","07",12,"4.7",6130,"平池芳正","羚邦","SATELIGHT","動作","冒險","奇幻","異世界","魔法",NULL,"小說改編","新作"
136,"SHADOWS HOUSE-影宅- 第二季",767000,63917,"2022","07",12,"4.9",4162,"大橋一輝","木棉花","CloverWorks","奇幻","懸疑",NULL,NULL,NULL,NULL,"漫畫改編","續作"
137,"惑星公主蜥蜴騎士",329000,13160,"2022","07",25,"3.8",1403,"中西伸彰","木棉花","NAZ","動作","超能力",NULL,NULL,NULL,NULL,"漫畫改編","新作"
138,"幕末替身傳說",123000,10250,"2022","07",12,"3.1",1129,"平川哲生","羚邦","GENO STUDIO","動作","冒險","歷史",NULL,NULL,NULL,"原創作品","新作"
139,"天籟人偶",302000,25167,"2022","07",12,"4.8",2349,"天衝","提恩傳媒","Bibury Animation Studios","科幻","溫馨","感人","音樂",NULL,NULL,"原創作品","新作"
142,"組長女兒與保姆",1291000,107583,"2022","07",12,"4.9",7474,"川崎逸朗","羚邦","feel.、GAINA","溫馨","親情",NULL,NULL,NULL,NULL,"漫畫改編","新作"
143,"奇米萌 CHIMIMO",83000,6917,"2022","07",12,"4.9",713,"ぴのあると","曼迪","新銳動畫","喜劇","溫馨","悠閒",NULL,NULL,NULL,"原創作品","新作"
144,"繼母的拖油瓶是我的前女友",2556000,213000,"2022","07",12,"4.8",10846,"柳伸亮","羚邦","project No.9","校園","喜劇","戀愛",NULL,NULL,NULL,"小說改編","新作"
145,"來自深淵 烈日的黃金鄉",2696000,224667,"2022","07",12,"5",15661,"小島正幸","木棉花","Kinema Citrus","冒險","奇幻","血腥暴力","黑暗",NULL,NULL,"漫畫改編","續作"
146,"異世界迷宮裡的後宮生活",1179000,98250,"2022","07",12,"4.2",4595,"龍輪直征","羚邦","パッショーネ","冒險","奇幻","異世界",NULL,NULL,NULL,"小說改編","新作"
147,"新網球王子 U-17 世界盃",260000,20000,"2022","07",13,"4",605,"川口敬一郎","曼迪","Studio KAI","超能力","校園","青春","運動","競技",NULL,"漫畫改編","續作"
148,"OVERLORD 第四季",4503000,346385,"2022","07",13,"4.9",14693,"伊藤尚往","羚邦","MADHOUSE","冒險","奇幻","異世界","魔法",NULL,NULL,"原創作品","新作"
149,"金裝的維爾梅～瀕臨留級的魔法師聯手最強災厄勇闖魔法世界～",140000,11667,"2022","07",12,"4.6",1092,"直谷隆","ANIPLUS","Staple Entertainment","奇幻","魔法","校園","戀愛",NULL,NULL,"漫畫改編","新作"
150,"轉生賢者的異世界生活～取得第二職業，成為世界最強～",1503000,125250,"2022","07",12,"3.4",5608,"小嶋慶祐","羚邦","REVOROOT","冒險","奇幻","異世界",NULL,NULL,NULL,"小說改編","新作"
151,"歡迎來到實力至上主義的教室 第二季",4060000,312308,"2022","07",13,"4.6",12666,"岸誠二、橋本裕之、仁昌寺義人","木棉花","Lerche","校園","懸疑","黑暗",NULL,NULL,NULL,"小說改編","續作"
152,"卡片戰鬥!! 先導者 will+Dress",39000,3000,"2022","07",13,"3.8",153,"森賢","元美國際映像","Kinema Citrus、ぎふとアニメーション、STUDIO JEMI","校園","競技",NULL,NULL,NULL,NULL,"遊戲改編","續作"
153,"森林裡的熊先生，冬眠中。",164000,18222,"2022","07",9,"3.7",1535,"古賀一臣","木棉花","studio HōKIBOSHI","溫馨","BL","泡麵番",NULL,NULL,NULL,"漫畫改編","新作"
154,"幽零幻鏡",66000,5500,"2022","07",12,"4.2",633,"霜山朋久","羚邦","Science SARU","冒險","科幻",NULL,NULL,NULL,NULL,"原創作品","新作"
155,"Lycoris Recoil 莉可麗絲",6219000,478385,"2022","07",13,"4.9",36389,"足立慎吾","木棉花","A-1 Pictures","動作","科幻",NULL,NULL,NULL,NULL,"原創作品","新作"
156,"足球風雲！Goal to the Future",93000,7154,"2022","07",13,"2.4",399,"中村憲由","曼迪","EMT Squared","青春","勵志","運動","競技",NULL,NULL,"漫畫改編","續作"
157,"契約之吻",2048000,157538,"2022","07",13,"4.7",9853,"田中智也","曼迪","A-1 Pictures","動作","奇幻","科幻","喜劇","戀愛",NULL,"原創作品","新作"
158,"聯盟空軍航空魔法音樂隊 光輝魔女",218000,16769,"2022","07",13,"4.7",1393,"佐伯昭志","木棉花","SHAFT","青春","溫馨","音樂",NULL,NULL,NULL,"原創作品","新作"
159,"神渣☆偶像",311000,31100,"2022","07",10,"4.8",2365,"福岡大生","曼迪","Studio 五組","喜劇","偶像","音樂",NULL,NULL,NULL,"漫畫改編","新作"
160,"冰冰冰 冰淇淋君 第二季",15000,1250,"2022","07",12,"3.4",141,"松村樹里亜","羚邦","新銳動畫","溫馨","闔家觀賞",NULL,NULL,NULL,NULL,"原創作品","續作"
161,"出租女友 第二季",1432000,119333,"2022","07",12,"4.6",6685,"古賀一臣","木棉花","TMS Entertainment","喜劇","戀愛","青春",NULL,NULL,NULL,"漫畫改編","續作"
164,"我的英雄學院 HLB 英雄棒球聯盟",73000,73000,"2022","06",1,"4.8",941,"長崎健司、向井雅浩","羚邦","BONES","動作","超能力","校園","勵志",NULL,NULL,"漫畫改編","續作"
165,"我的英雄學院 像在地獄一樣笑吧！",111000,111000,"2022","06",1,"4.8",1340,"長崎健司、向井雅浩","羚邦","BONES","動作","超能力","校園","勵志",NULL,NULL,"漫畫改編","續作"
168,"名偵探柯南 警察學校篇 Wild Police Story CASE.萩原研二",28000,28000,"2022","05",1,"4.9",213,"","曼迪","","校園","推理","懸疑",NULL,NULL,NULL,"漫畫改編","新作"
170,"憂國的莫里亞蒂 OVA",52000,26000,"2022","04",2,"4.9",752,"","木棉花","Production I.G","推理","懸疑",NULL,NULL,NULL,NULL,"漫畫改編","續作"
172,"杜鵑婚約",2512000,54609,"2022","04",46,"4.8",6685,"赤城博昭","提恩傳媒","新銳動畫 Synergy SP","校園","戀愛","青春",NULL,NULL,NULL,"漫畫改編","新作"
174,"魔神英雄傳 七魂的龍神丸 -再會-",16000,16000,"2022","04",1,"4.6",130,"神志那弘志","提恩傳媒","SUNRISE","冒險","奇幻","闔家觀賞",NULL,NULL,NULL,"原創作品","續作"
175,"鬼滅之宴（無限列車篇）",6806,6806,"2022","04",1,"3.9",137,"","木棉花","","音樂","真人演出",NULL,NULL,NULL,NULL,"漫畫改編","續作"
176,"鬼滅之宴（遊郭篇）",6199,6199,"2022","04",1,"3.9",105,"","木棉花","","音樂","真人演出",NULL,NULL,NULL,NULL,"漫畫改編","續作"
177,"名偵探柯南  總局刑警戀愛物語～結婚前夜～",141000,141000,"2022","04",1,"4.9",666,"佐藤真人","曼迪","TMS Entertainment","校園","推理","懸疑",NULL,NULL,NULL,"漫畫改編","新作"
178,"鍵等 第二季",148000,12333,"2022","04",12,"4.8",834,"坂本一也","木棉花","LIDENFILMS 京都 Studio","校園","喜劇","泡麵番",NULL,NULL,NULL,"遊戲改編","續作"
179,"境界戰機 第二部",187000,15583,"2022","04",12,"4.1",504,"羽原信義","曼迪","BANDAI SPIRITS、SUNRISE BEYOND","科幻","機甲",NULL,NULL,NULL,NULL,"原創作品","續作"
180,"式守同學不只可愛而已",2576000,184000,"2022","04",14,"4.8",13142,"伊藤良太","木棉花","動画工房","校園","戀愛",NULL,NULL,NULL,NULL,"漫畫改編","新作"
181,"女忍者椿的心事",881000,67769,"2022","04",13,"4.9",5318,"角地拓大","羚邦","CloverWorks","動作","校園","喜劇","戀愛",NULL,NULL,"漫畫改編","新作"
182,"這個僧侶有夠煩",772000,64333,"2022","04",12,"4.4",6200,"中西伸彰","羚邦","壽門堂","冒險","奇幻","魔法","喜劇",NULL,NULL,"漫畫改編","新作"
183,"王者天下 第四季",1179000,45346,"2022","04",26,"4.8",1879,"今泉賢一","曼迪","St.Signpost","歷史","戰爭",NULL,NULL,NULL,NULL,"漫畫改編","續作"
184,"輝夜姬想讓人告白 ー超級浪漫ー",5299000,407615,"2022","04",13,"5",26942,"畠山守","木棉花","A-1 Pictures","校園","喜劇","戀愛",NULL,NULL,NULL,"漫畫改編","續作"
185,"SPY×FAMILY 間諜家家酒",17603000,704120,"2022","04",25,"4.9",52703,"古橋一浩","木棉花","WIT STUDIO×CloverWorks","動作","喜劇","親情",NULL,NULL,NULL,"漫畫改編","續作"
186,"愛在征服世界後",1247000,103917,"2022","04",12,"4.9",7730,"いわたかずや","羚邦","project No.9","動作","喜劇","戀愛","特攝",NULL,NULL,"漫畫改編","新作"
187,"骸骨騎士大人異世界冒險中",3509000,292417,"2022","04",12,"4.8",12662,"小野勝巳","木棉花","Studio KAI×HORNETS","動作","冒險","奇幻","異世界",NULL,NULL,"小說改編","新作"
188,"魔法使黎明期",854000,71167,"2022","04",12,"4.3",2762,"桑原智","木棉花","手塚プロダクション","奇幻","魔法","校園",NULL,NULL,NULL,"小說改編","新作"
189,"史上最強大魔王轉生為村民 A",2246000,187167,"2022","04",12,"3.3",8169,"湊未來","木棉花","SILVER LINK.×BLADE","冒險","奇幻","魔法",NULL,NULL,NULL,"小說改編","新作"
190,"相合之物",899000,74917,"2022","04",12,"4.9",6384,"追崎史敏","羚邦","ENCOURAGE FILMS","溫馨","悠閒","料理","親情","職場",NULL,"漫畫改編","新作"
191,"盾之勇者成名錄 Season 2",2280000,175385,"2022","04",13,"3.8",7693,"神保昌登","羚邦","KINEMA CITRUS、DRMOVIE","冒險","奇幻","異世界","魔法",NULL,NULL,"小說改編","續作"
192,"勇者、辭職不幹了",2548000,212333,"2022","04",12,"4.7",11184,"信田ユウ、石井久志","羚邦","EMT Squared","動作","冒險","奇幻",NULL,NULL,NULL,"小說改編","新作"
193,"小鳥之翼",272000,20923,"2022","04",13,"4.8",1514,"稻垣隆行","羚邦","BN Pictures","運動","競技",NULL,NULL,NULL,NULL,"原創作品","新作"
194,"群青的開幕曲",146000,11231,"2022","04",13,"4.3",774,"加藤誠","曼迪","Lay-duce","校園","競技",NULL,NULL,NULL,NULL,"原創作品","新作"
195,"女性向遊戲世界對路人角色很不友好",1555000,129583,"2022","04",12,"4.7",6055,"三浦和也、福元しんいち","鶴月文化","ENGI","奇幻","校園","戀愛",NULL,NULL,NULL,"小說改編","新作"
196,"Love Live！虹咲學園 學園偶像同好會 第二季",375000,28846,"2022","04",13,"4.8",2291,"公野櫻子","木棉花","SUNRISE","校園","青春","勵志","偶像","音樂",NULL,"漫畫改編","續作"
197,"BUILD-DIVIDE -#FFFFFF- CODE WHITE",83000,6917,"2022","04",12,"4.4",385,"駒田由貴","羚邦","LIDENFILMS","超能力","科幻","競技",NULL,NULL,NULL,"原創作品","續作"
198,"Love All Play",272000,11333,"2022","04",24,"3.7",666,"竹內浩志","羚邦","日本アニメーション、OLM","校園","青春","運動","競技",NULL,NULL,"漫畫改編","新作"
199,"處刑少女的生存之道",1228000,102333,"2022","04",12,"4.7",6245,"川崎芳樹","羚邦","J.C.STAFF","動作","異世界","血腥暴力",NULL,NULL,NULL,"小說改編","新作"
200,"輝夜姬想讓人告白？～天才們的戀愛頭腦戰～ 第二季  OVA",379000,379000,"2022","04",1,"5",9497,"畠山守","木棉花","A-1 Pictures","校園","喜劇","戀愛",NULL,NULL,NULL,"漫畫改編","續作"
202,"派對咖孔明",1212000,101000,"2022","03",12,"4.9",8167,"本間修","羚邦","P.A. WORKS","喜劇","勵志","音樂","時間穿越",NULL,NULL,"漫畫改編","新作"
203,"小書痴的下剋上：為了成為圖書管理員不擇手段！第三季",835000,69583,"2022","03",12,"4.9",3287,"本郷みつる","木棉花","亞細亞堂","奇幻","異世界","勵志",NULL,NULL,NULL,"小說改編","續作"
205,"屁屁偵探：天才惡人屁屁亞蒂",2956,2956,"2022","03",1,"-1",-1,"門由利子","采昌","東映動畫","推理","懸疑","闔家觀賞",NULL,NULL,NULL,"漫畫改編","續作"
206,"名偵探柯南 警察學校篇 Wild Police Story CASE.伊達航",33000,33000,"2022","03",1,"5",291,"","曼迪","","校園","青春",NULL,NULL,NULL,NULL,"漫畫改編","新作"
207,"新 忍者哈特利 第六季",28000,1077,"2022","02",26,"4",28,"やすみ哲夫","木棉花","Shambhoo S.Phaike","喜劇","悠閒","親情","闔家觀賞",NULL,NULL,"漫畫改編","續作"
208,"再見了，橡果兄弟！",16000,16000,"2022","02",1,"4.7",485,"石塚敦子","木棉花","MADHOUSE","冒險","青春",NULL,NULL,NULL,NULL,"漫畫改編","新作"
209,"魔法水果籃 -前奏曲-",81000,81000,"2022","02",1,"4.9",1823,"井端義秀","曼迪","TMS Entertainment","奇幻","校園","戀愛","溫馨","親情",NULL,"漫畫改編","新作"
210,"川尻小玉的懶散生活",238000,9917,"2022","02",24,"4.6",975,"金子伸吾","提恩傳媒","Lapin Track","喜劇","泡麵番",NULL,NULL,NULL,NULL,"漫畫改編","新作"
211,"鹿王",18000,18000,"2022","02",1,"4.3",366,"安藤雅司、宮地昌幸","木棉花","Production I.G","冒險","奇幻",NULL,NULL,NULL,NULL,"小說改編","新作"
212,"新 忍者哈特利 第五季",29000,1115,"2022","02",26,"3.2",32,"やすみ哲夫","木棉花","Shambhoo S.Phaike","喜劇","悠閒","親情","闔家觀賞",NULL,NULL,"漫畫改編","續作"
213,"白領羽球部",509000,42417,"2022","01",12,"4.8",2129,"山内愛彌","羚邦","LIDENFILMS","運動","職場",NULL,NULL,NULL,NULL,"原創作品","新作"
215,"平凡職業造就世界最強 第二季",2381000,158733,"2022","01",15,"4.7",7039,"岩永彰","木棉花","asread.×studio MOTHER","動作","冒險","奇幻","異世界","魔法",NULL,"小說改編","續作"
216,"相愛相殺",633000,52750,"2022","01",12,"4.6",2431,"大庭秀昭","提恩傳媒","Platinum Vision","動作","戀愛","職場",NULL,NULL,NULL,"漫畫改編","新作"
217,"與變成了異世界美少女的大叔一起冒險",1871000,155917,"2022","01",12,"4.9",8106,"山井紗也香","羚邦","OLM Team Yoshioka","冒險","奇幻","異世界","魔法","喜劇",NULL,"漫畫改編","新作"
218,"幻想三國誌 — 天元靈心記",107000,8917,"2022","01",12,"3.4",732,"町谷俊輔","羚邦","GEEKTOYS","冒險","奇幻",NULL,NULL,NULL,NULL,"遊戲改編","新作"
219,"自稱賢者弟子的賢者",1330000,110833,"2022","01",12,"2.6",8005,"元永慶太郎","木棉花","studio A-CAT","冒險","奇幻","異世界",NULL,NULL,NULL,"小說改編","新作"
220,"天才王子的赤字國家重生術",2427000,202250,"2022","01",12,"4.8",9269,"玉川真人","木棉花","橫濱動畫研究所","奇幻","喜劇","戰爭",NULL,NULL,NULL,"小說改編","新作"
221,"TRIBE NINE",186000,15500,"2022","01",12,"4",664,"青木悠","羚邦","LIDENFILMS","動作","科幻","運動",NULL,NULL,NULL,"原創作品","新作"
222,"佐佐木與宮野",749000,57615,"2022","01",13,"4.8",3480,"石平信司","羚邦","Studio DEEN","校園","青春","BL",NULL,NULL,NULL,"漫畫改編","新作"
223,"食鏽末世錄",707000,58917,"2022","01",12,"4.3",2872,"碇谷敦","木棉花","OZ","動作","冒險",NULL,NULL,NULL,NULL,"小說改編","新作"
224,"闇芝居 第十季",84000,6462,"2022","01",13,"3.5",210,"ILCA","木棉花","ILCA","懸疑","靈異神怪","泡麵番",NULL,NULL,NULL,"改編作品","續作"
225,"薔薇王的葬列",158000,6320,"2022","01",25,"3.8",585,"鈴木健太郎","羚邦","J.C.STAFF","戀愛","歷史","戰爭",NULL,NULL,NULL,"漫畫改編","新作"
226,"怪人開發部的黑井津小姐",939000,78250,"2022","01",12,"4.8",5176,"齋藤久","羚邦","Quad","科幻","喜劇","職場","特攝",NULL,NULL,"漫畫改編","新作"
227,"戀上換裝娃娃",7591000,632583,"2022","01",12,"5",41233,"篠原啓輔","木棉花","CloverWorks","校園","戀愛","青春",NULL,NULL,NULL,"漫畫改編","新作"
228,"Futsal Boys！！！！！",77000,6417,"2022","01",12,"2.9",377,"ひいろゆきな","曼迪","diomedéa","青春","運動","競技",NULL,NULL,NULL,"原創作品","新作"
229,"明日同學的水手服",1233000,102750,"2022","01",12,"4.9",10489,"黑木美幸","木棉花","CloverWorks","校園","青春","勵志","溫馨",NULL,NULL,"漫畫改編","新作"
230,"失格紋的最強賢者",1734000,144500,"2022","01",12,"3.1",6758,"秋田谷典昭","羚邦","J.C.STAFF","冒險","奇幻","魔法",NULL,NULL,NULL,"小說改編","新作"
231,"擅長捉弄人的高木同學 第三季",1231000,102583,"2022","01",12,"5",10857,"赤城博昭","木棉花","シンエイ動画","校園","喜劇","戀愛","青春",NULL,NULL,"漫畫改編","續作"
232,"終末的後宮",283000,25727,"2022","01",11,"4.3",2925,"信田ユウ","木棉花","Studio五組、AXsiZ","科幻",NULL,NULL,NULL,NULL,NULL,"漫畫改編","新作"
233,"終末的後宮 年齡限制版",731000,66455,"2022","01",11,"4.3",2925,"信田ユウ","木棉花","Studio五組、AXsiZ","科幻",NULL,NULL,NULL,NULL,NULL,"漫畫改編","新作"
234,"少女前線",238000,19833,"2022","01",12,"4.3",1080,"上田繁","木棉花","旭プロダクション","動作","科幻","戰爭",NULL,NULL,NULL,"遊戲改編","新作"
236,"東京 24 區",220000,18333,"2022","01",12,"4",962,"津田尚克","木棉花","CloverWorks","科幻","懸疑",NULL,NULL,NULL,NULL,"漫畫改編","新作"
237,"東方少年",330000,27500,"2022","01",12,"3.9",859,"柳澤哲也","羚邦","A.C.G.T","動作","冒險","靈異神怪",NULL,NULL,NULL,"漫畫改編","新作"
238,"最遊記 RELOAD -ZEROIN-",180000,13846,"2022","01",13,"4.6",654,"高田美里","木棉花","LIDENFILMS","動作","冒險","奇幻","靈異神怪",NULL,NULL,"漫畫改編","續作"
239,"秘密內幕-女警的反擊",559000,43000,"2022","01",13,"4.9",3460,"佐藤雄三","木棉花","MADHOUSE","溫馨","職場",NULL,NULL,NULL,NULL,"漫畫改編","新作"
240,"BanG Dream！Poppin'Dream！",26000,26000,"2022","01",1,"5",921,"柿本廣大、植高正典","木棉花","三次元","青春","勵志","音樂",NULL,NULL,NULL,"原創作品","續作"
241,"魔法科高中的劣等生 追憶篇",203000,203000,"2022","01",1,"4.9",3630,"吉田りさこ","曼迪","8bit","奇幻","魔法","科幻","校園",NULL,NULL,"漫畫改編","新作"
242,"艾梅洛閣下 II 世事件簿 -魔眼蒐集列車 Grace note- 特別篇",104000,104000,"2021","12",1,"4.9",2056,"加藤誠","曼迪","TROYCA","冒險","奇幻","魔法","懸疑",NULL,NULL,"小說改編","續作"
244,"鬼滅之刃 遊郭篇",10212000,928364,"2021","12",11,"4.9",17959,"外崎春雄","木棉花","ufotable","動作","冒險","奇幻","血腥暴力",NULL,NULL,"漫畫改編","續作"
245,"名偵探柯南 警察學校篇 Wild Police Story CASE.松田陣平",42000,42000,"2021","12",1,"4.9",343,"","曼迪","","校園","青春",NULL,NULL,NULL,NULL,"漫畫改編","新作"
246,"扶桑花女孩之舞",6252,6252,"2021","12",1,"4.7",354,"水島精二、綿田慎也","水元素","BN Pictures","勵志","溫馨","闔家觀賞",NULL,NULL,NULL,"原創作品","新作"
247,"水星領航員 ARIA The BENEDIZIONE",12000,12000,"2021","12",1,"5",512,"名取孝浩","木棉花","J.C.STAFF","科幻","溫馨","悠閒",NULL,NULL,NULL,"漫畫改編","新作"
249,"薄櫻鬼 新OVA",49000,16333,"2021","11",3,"4.8",307,"ヤマサキオサム","曼迪","Studio DEEN","奇幻","戀愛","歷史",NULL,NULL,NULL,"遊戲改編","續作"
252,"國王排名",6078000,264261,"2021","10",23,"4.7",18567,"八田洋介","羚邦","WIT STUDIO","冒險","奇幻","勵志","溫馨",NULL,NULL,"漫畫改編","續作"
253,"讓我聽見愛的歌聲",92000,92000,"2021","10",1,"4.9",3404,"吉浦康裕","木棉花","J.C.STAFF","校園","戀愛","青春",NULL,NULL,NULL,"原創作品","新作"
254,"魯邦三世 PART6",305000,12708,"2021","10",24,"4.8",712,"菅沼榮治","羚邦","TMS Entertainment","動作","喜劇",NULL,NULL,NULL,NULL,"漫畫改編","續作"
255,"鍵等",241000,20083,"2021","10",12,"4.8",1044,"坂本一也","木棉花","LIDENFILMS 京都 Studio","校園","喜劇","泡麵番",NULL,NULL,NULL,"遊戲改編","續作"
256,"狂熱深淵-迷失的孩子",185000,15417,"2021","10",12,"2.5",899,"大沼心","羚邦","SILVER LINK.","冒險","科幻",NULL,NULL,NULL,NULL,"原創作品","新作"
257,"逆轉世界的電池少女",276000,23000,"2021","10",12,"4.6",1254,"安藤正臣","木棉花","Lerche","科幻","機甲",NULL,NULL,NULL,NULL,"原創作品","新作"
258,"BUILD-DIVIDE -#000000- CODE BLACK",194000,16167,"2021","10",12,"3.9",584,"駒田由貴","羚邦","LIDENFILMS","超能力","科幻","競技",NULL,NULL,NULL,"音樂改編","續作"
259,"四季櫻",101000,8417,"2021","10",12,"3.7",325,"須貝真也","杰外","サブリメイション","冒險","科幻",NULL,NULL,NULL,NULL,"原創作品","新作"
260,"前輩有夠煩",2546000,212167,"2021","10",12,"5",16896,"伊藤良太","木棉花","動画工房","戀愛","職場",NULL,NULL,NULL,NULL,"漫畫改編","新作"
261,"鬼滅之刃 無限列車篇",2058000,294000,"2021","10",7,"4.7",6097,"外崎春雄","木棉花","ufotable","動作","冒險","奇幻","血腥暴力",NULL,NULL,"漫畫改編","續作"
262,"VISUAL PRISON 視覺監獄",273000,22750,"2021","10",12,"4.5",1265,"古田丈司、田中智也","木棉花","A-1 Pictures","動作","奇幻","音樂",NULL,NULL,NULL,"原創作品","新作"
263,"世界盡頭的聖騎士",1700000,141667,"2021","10",12,"4.3",4305,"信田ユウ","羚邦","Children's Playground Entertainment","冒險","奇幻","魔法",NULL,NULL,NULL,"小說改編","續作"
265,"大正處女御伽話",673000,56083,"2021","10",12,"4.9",3937,"羽鳥潤","木棉花","SynergySP","戀愛","溫馨",NULL,NULL,NULL,NULL,"漫畫改編","新作"
266,"MUV-LUV ALTERNATIVE",561000,46750,"2021","10",12,"4.2",1407,"西本由紀夫","木棉花","FLAGSHIP LINE、ゆめ太カンパニー、Graphinica","科幻","機甲","戀愛",NULL,NULL,NULL,"遊戲改編","新作"
267,"血汗英雄全泰壹",1246,1246,"2021","10",1,"4.8",39,"洪準表","采昌","Myung Film","勵志","職場",NULL,NULL,NULL,NULL,"原創作品","新作"
268,"橘色榮耀！",100000,8333,"2021","10",12,"4.5",440,"安齋剛文","羚邦","C2C","校園","運動",NULL,NULL,NULL,NULL,"原創作品","新作"
269,"宿命迴響：命運節拍",1594000,132833,"2021","10",12,"4.5",7767,"伊藤祐毅","羚邦","MAPPA×MADHOUSE","動作","冒險","奇幻","音樂",NULL,NULL,"原創作品","新作"
270,"世界頂尖的暗殺者轉生為異世界貴族",5810000,484167,"2021","10",12,"4.8",13601,"田村正文","木棉花","SILVER LINK.×studioぱれっと","冒險","奇幻","異世界",NULL,NULL,NULL,"小說改編","新作"
271,"進化果實～不知不覺踏上勝利的人生～",1680000,140000,"2021","10",12,"3.1",6898,"奥村よしあき","羚邦","HOTLINE","冒險","奇幻","異世界",NULL,NULL,NULL,"小說改編","新作"
272,"境界戰機",462000,35538,"2021","10",13,"3.9",912,"羽原信義","曼迪","BANDAI SPIRITS、SUNRISE BEYOND","科幻","機甲",NULL,NULL,NULL,NULL,"原創作品","續作"
273,"卡片戰鬥!! 先導者 overdress 第二季",37000,2846,"2021","10",13,"3.4",145,"森賢","元美國際映像","Kinema Citrus、ぎふとアニメーション、STUDIOJEMI","校園","競技",NULL,NULL,NULL,NULL,"遊戲改編","續作"
274,"月與萊卡與吸血公主",575000,47917,"2021","10",12,"4.8",2896,"橫山彰利","羚邦","Arvo Animation","科幻","青春",NULL,NULL,NULL,NULL,"小說改編","新作"
275,"吸血鬼馬上死",995000,82917,"2021","10",12,"4.9",3957,"神志那弘志","木棉花","MADHOUSE","奇幻","喜劇","靈異神怪",NULL,NULL,NULL,"漫畫改編","續作"
276,"萬能戰士無比敵",60000,5000,"2021","10",12,"4.1",326,"高橋良輔","提恩傳媒","手塚プロダクション、タツノコプロ","冒險","科幻","闔家觀賞",NULL,NULL,NULL,"原創作品","續作"
277,"陰陽眼見子",3481000,290083,"2021","10",12,"4.9",12749,"小川優樹","木棉花","Passione","超能力","校園","靈異神怪",NULL,NULL,NULL,"漫畫改編","新作"
278,"獻身給魔王伊伏洛基亞吧",324000,36000,"2021","10",9,"3.6",1106,"凪早苗","木棉花","studio HOKIBOSHI","奇幻","異世界","戀愛","BL","泡麵番",NULL,"漫畫改編","新作"
279,"燒窯的話也要馬克杯 第二季",77000,3208,"2021","10",24,"4.6",291,"神谷純","羚邦","日本 Animation","校園","溫馨",NULL,NULL,NULL,NULL,"漫畫改編","續作"
280,"半妖的夜叉姬 第二季",958000,39917,"2021","10",24,"3.8",1120,"菱田正和","羚邦","SUNRISE","冒險","靈異神怪",NULL,NULL,NULL,NULL,"漫畫改編","續作"
281,"異世界食堂 2",1578000,131500,"2021","10",12,"4.9",4985,"神保昌登","曼迪","OLM","奇幻","異世界","溫馨","料理",NULL,NULL,"小說改編","續作"
282,"結城友奈是勇者 大滿開之章",217000,18083,"2021","10",12,"4.8",1027,"岸誠二","杰外","Studio 五組","冒險","魔法","校園","血腥暴力",NULL,NULL,"原創作品","續作"
283,"SELECTION PROJECT",276000,21231,"2021","10",13,"4.8",1725,"平牧大輔","木棉花","動畫工房","校園","青春","偶像","音樂",NULL,NULL,"原創作品","新作"
284,"加油吧同期醬",939000,78250,"2021","09",12,"4.9",3431,"古賀一臣","木棉花","AtelierPontdarc","戀愛","職場",NULL,NULL,NULL,NULL,"漫畫改編","新作"
285,"星期一的豐滿 第二季",1000000,83333,"2021","09",12,"4.8",3223,"小川優樹","木棉花","横浜アニメーションラボ","戀愛","溫馨","泡麵番",NULL,NULL,NULL,"漫畫改編","續作"
287,"機戰少女 Alice OVA",7277,2426,"2021","09",3,"4.4",102,"花井宏和","羚邦","NOMAD","科幻","機甲","喜劇",NULL,NULL,NULL,"漫畫改編","新作"
289,"鬼滅之奏（無限列車篇）",12000,12000,"2021","09",1,"4.6",198,"栗田博文","木棉花","","音樂","真人演出",NULL,NULL,NULL,NULL,"漫畫改編","續作"
290,"海岬的迷途之家",8923,8923,"2021","08",1,"4.6",174,"川面真也","華藝娛樂","david production","溫馨","悠閒","靈異神怪",NULL,NULL,NULL,"小說改編","新作"
292,"BanG Dream！FILM LIVE 2nd Stage",42000,42000,"2021","08",1,"5",1101,"梅津朋美","木棉花","三次元","青春","勵志","音樂",NULL,NULL,NULL,"原創作品","續作"
293,"屁屁偵探：舒芙蕾島的秘密",2681,2681,"2021","08",1,"-1",-1,"座古明史","采昌","東映動畫","推理","闔家觀賞",NULL,NULL,NULL,NULL,"漫畫改編","續作"
294,"魔法紀錄 魔法少女小圓外傳 第二季",378000,29077,"2021","08",13,"4.4",1200,"劇団イヌカレー（泥犬）、宮本幸裕","木棉花","SHAFT","冒險","奇幻","魔法","黑暗",NULL,NULL,"原創作品","續作"
295,"Fate/Grand Order - 終局特異點 冠位時間神殿所羅門 -",120000,120000,"2021","07",1,"4.7",1946,"赤井俊文","曼迪","CloverWorks","動作","冒險","奇幻","魔法","戰爭",NULL,"遊戲改編","新作"
296,"平穩世代的韋駄天們",1262000,114727,"2021","07",11,"4.9",4550,"城所聖明","羚邦","MAPPA","動作","超能力","血腥暴力",NULL,NULL,NULL,"漫畫改編","新作"
299,"漂流少年",478000,39833,"2021","07",12,"4.8",2514,"夏目真悟","羚邦","MADHOUSE","冒險","超能力","青春","推理",NULL,NULL,"原創作品","新作"
300,"女神宿舍的管理員。 年齡限制版",679000,67900,"2021","07",10,"4.7",2324,"中重俊祐","木棉花","Asread","校園","喜劇","戀愛",NULL,NULL,NULL,"漫畫改編","新作"
301,"女神宿舍的管理員。",448000,44800,"2021","07",10,"4.7",2324,"中重俊祐","木棉花","Asread","校園","喜劇","戀愛",NULL,NULL,NULL,"漫畫改編","新作"
302,"暗夜第六感 2041",11000,917,"2021","07",12,"4.1",94,"平川孝充","Aniplus","白組","超能力","科幻",NULL,NULL,NULL,NULL,"原創作品","新作"
303,"急戰 5 秒殊死鬥",1371000,114250,"2021","07",12,"4.2",2510,"内藤明吾","木棉花","SynergySP、ベガエンタテイメント","超能力","競技","血腥暴力",NULL,NULL,NULL,"漫畫改編","新作"
304,"闇芝居 第九季",91000,7000,"2021","07",13,"3.7",158,"ILCA","木棉花","ILCA","懸疑","靈異神怪","泡麵番",NULL,NULL,NULL,"改編作品","續作"
305,"Love Live! Superstar!!",669000,55750,"2021","07",12,"4.8",2947,"京極尚彦","木棉花","SUNRISE","校園","青春","偶像","音樂",NULL,NULL,"漫畫改編","新作"
307,"我立於百萬生命之上 第二季",1115000,92917,"2021","07",12,"4",1821,"羽原久美子","羚邦","MAHO FILM","動作","冒險","奇幻","異世界","魔法",NULL,"漫畫改編","續作"
308,"白沙的 Aquatope",1132000,47167,"2021","07",24,"4.9",4859,"篠原俊哉","木棉花","P.A.WORKS","青春","勵志","職場",NULL,NULL,NULL,"原創作品","新作"
309,"月光下的異世界之旅",3370000,280833,"2021","07",12,"4.8",5788,"石平信司","羚邦","C2C","冒險","異世界","喜劇",NULL,NULL,NULL,"小說改編","新作"
310,"開掛藥師的異世界悠閒生活",1136000,94667,"2021","07",12,"4.2",2874,"佐藤まさふみ","木棉花","EMT Squared","異世界","溫馨",NULL,NULL,NULL,NULL,"小說改編","新作"
311,"叫我對大哥 (WEB版)",497000,5344,"2021","07",93,"4.5",580,"青木純","木棉花","Fanworks、SPACE NEKO COMPANY","喜劇","悠閒","泡麵番","闔家觀賞",NULL,NULL,"漫畫改編","新作"
312,"魔法科高中的優等生",1403000,107923,"2021","07",13,"4.3",2271,"橘秀樹","曼迪","CONNECT","奇幻","魔法","科幻","校園",NULL,NULL,"漫畫改編","新作"
313,"偵探已經，死了。",1939000,161583,"2021","07",12,"4.1",5960,"栗原學","木棉花","ENGI","動作","奇幻","超能力","戀愛","推理",NULL,"小說改編","新作"
314,"RE-MAIN",347000,28917,"2021","07",12,"4.7",1048,"西田征史","羚邦","MAPPA","校園","青春","運動","競技",NULL,NULL,"原創作品","新作"
315,"現實主義勇者的王國重建記",6272000,241231,"2021","07",26,"4.6",9047,"渡部高志","曼迪","J.C.STAFF","奇幻","異世界",NULL,NULL,NULL,NULL,"小說改編","續作"
316,"蓋特機器人 ARC",339000,26077,"2021","07",13,"4.5",612,"川越淳","羚邦","Bee・Media","動作","冒險","科幻","機甲",NULL,NULL,"漫畫改編","續作"
317,"IDOLiSH7 - 偶像星願 - Third BEAT！",560000,18667,"2021","07",30,"4.8",1274,"別所誠人","曼迪","TROYCA","偶像","音樂",NULL,NULL,NULL,NULL,"遊戲改編","續作"
318,"死神少爺與黑女僕",1165000,97083,"2021","07",12,"4.9",4556,"山川吉樹","羚邦","J.C.STAFF","奇幻","喜劇","戀愛",NULL,NULL,NULL,"漫畫改編","續作"
319,"叫我對大哥 (TV版)",217000,18083,"2021","07",12,"4.8",627,"青木純","木棉花","Fanworks、SPACE NEKO COMPANY","喜劇","悠閒","泡麵番","闔家觀賞",NULL,NULL,"漫畫改編","新作"
320,"瓦尼塔斯的手札",2293000,95542,"2021","07",24,"4.9",5169,"板村智幸","木棉花","BONES","動作","奇幻","魔法",NULL,NULL,NULL,"漫畫改編","續作"
321,"女朋友 and 女朋友",1718000,143167,"2021","07",12,"4.6",5113,"桑原智","木棉花","手塚Production","校園","戀愛",NULL,NULL,NULL,NULL,"漫畫改編","續作"
322,"我們的重製人生",1864000,155333,"2021","07",12,"4.8",6522,"小林智樹","羚邦","feel.","校園","青春","勵志","時間穿越",NULL,NULL,"小說改編","新作"
323,"轉生成女性向遊戲只有毀滅 END 的壞人大小姐 X",1892000,145538,"2021","07",13,"4.9",4571,"井上圭介","木棉花","SILVER LINK.","異世界","喜劇","戀愛",NULL,NULL,NULL,"小說改編","新作"
324,"桃子男孩渡海而來",935000,77917,"2021","07",12,"4",1763,"上田繁","羚邦","旭 Production","動作","冒險","奇幻",NULL,NULL,NULL,"漫畫改編","新作"
325,"暮蟬悲鳴時 卒",682000,45467,"2021","07",15,"4.5",2008,"川口敬一郎","羚邦","Passione","推理","懸疑","血腥暴力","靈異神怪","黑暗",NULL,"遊戲改編","續作"
327,"BanG Dream！Episode of Roselia II：Song I am.",37000,37000,"2021","06",1,"4.9",1162,"柿本廣大","木棉花","三次元","青春","勵志","音樂",NULL,NULL,NULL,"原創作品","續作"
328,"緋紅結繫",615000,23654,"2021","06",26,"3.5",890,"西村博之","羚邦","SUNRISE","冒險","超能力","科幻","時間穿越",NULL,NULL,"遊戲改編","新作"
329,"銀河騎士傳 織愛之星",53000,53000,"2021","06",1,"4.9",1393,"瀬下寛之","曼迪","Polygon Pictures","科幻","機甲",NULL,NULL,NULL,NULL,"漫畫改編","續作"
330,"酷愛電影的龐波小姐",23000,23000,"2021","06",1,"5",1736,"平尾隆之","木棉花","CLAP","勵志","職場",NULL,NULL,NULL,NULL,"漫畫改編","新作"
331,"Fate/Grand Carnival",316000,158000,"2021","06",2,"4.9",3155,"岸 誠二","曼迪","Lerche","奇幻","喜劇",NULL,NULL,NULL,NULL,"遊戲改編","新作"
332,"Fate/Grand Order - 神聖圓桌領域卡美洛 - Paladin; Agateram",150000,150000,"2021","05",1,"4.6",1869,"荒井和人","曼迪","Production I.G","動作","冒險","奇幻","魔法","戰爭",NULL,"遊戲改編","新作"
334,"不要欺負我，長瀞同學",1756000,146333,"2021","04",12,"4.8",5200,"花井宏和","羚邦","Telecom Animation Film","校園","喜劇","戀愛","青春",NULL,NULL,"漫畫改編","續作"
336,"異世界魔王與召喚少女的奴隸魔術 Ω",1405000,140500,"2021","04",10,"4.6",2393,"桑原智","羚邦","手塚製作公司、Okuruto Noboru","冒險","奇幻","異世界","魔法","喜劇",NULL,"小說改編","續作"
337,"BanG Dream！Episode of Roselia I：約定",36000,36000,"2021","04",1,"4.9",1116,"柿本廣大","木棉花","三次元","青春","勵志","音樂",NULL,NULL,NULL,"原創作品","續作"
338,"入間同學入魔了！第二季",4738000,225619,"2021","04",21,"4.9",5683,"森脇真琴","木棉花","Bandai Namco Pictures","冒險","奇幻","校園","喜劇","靈異神怪",NULL,"漫畫改編","續作"
339,"青梅竹馬絕對不會輸的戀愛喜劇",1366000,113833,"2021","04",12,"3.5",3776,"直谷たかし","木棉花","動画工房","校園","喜劇","戀愛",NULL,NULL,NULL,"小說改編","新作"
340,"給不滅的你",2583000,129150,"2021","04",20,"4.9",5582,"村田雅彥","羚邦","Brain's Base","冒險","奇幻","感人",NULL,NULL,NULL,"漫畫改編","續作"
341,"86－不存在的戰區－",10695000,411346,"2021","04",26,"5",36282,"石井俊匡","木棉花","A-1 Pictures","動作","科幻","機甲","戰爭",NULL,NULL,"小說改編","續作"
342,"SHADOWS HOUSE-影宅-",1582000,121692,"2021","04",13,"4.9",5132,"大橋一輝","木棉花","CloverWorks","奇幻","懸疑",NULL,NULL,NULL,NULL,"漫畫改編","續作"
343,"BLUE REFLECTION : 澪",149000,6208,"2021","04",24,"4",284,"吉田りさこ","曼迪","J.C.STAFF","動作","魔法","校園","GL",NULL,NULL,"漫畫改編","新作"
344,"持續狩獵史萊姆三百年，不知不覺就練到 LV MAX",2680000,223333,"2021","04",12,"4.8",5230,"木村延景","木棉花","REVOROOT","冒險","奇幻","異世界","魔法",NULL,NULL,"小說改編","新作"
345,"美麗新世界 The Animation",124000,10333,"2021","04",12,"3.9",278,"市川量也","羚邦","DOMERICA × SHIN-EI ANIMATION","動作",NULL,NULL,NULL,NULL,NULL,"原創作品","新作"
346,"後空翻少年!!",379000,31583,"2021","04",12,"4.9",1451,"黑柳トシマサ","羚邦","ZEXCS","青春","勵志","運動","競技",NULL,NULL,"原創作品","新作"
347,"佐賀偶像是傳奇 捲土重來",2188000,182333,"2021","04",12,"5",10294,"境宗久","木棉花","MAPPA","喜劇","勵志","偶像","音樂",NULL,NULL,"原創作品","續作"
348,"聖女魔力無所不能",1845000,153750,"2021","04",12,"4.7",3137,"井畑翔太","木棉花","diomedéa","異世界","魔法","戀愛",NULL,NULL,NULL,"小說改編","續作"
349,"本田小狼與我",859000,71583,"2021","04",12,"4.7",2894,"藤井俊郎","木棉花","Studio KAI","校園","青春","溫馨",NULL,NULL,NULL,"小說改編","新作"
350,"轉生史萊姆日記 關於我轉生變成史萊姆這檔事",2965000,247083,"2021","04",12,"4.9",5618,"生原雄次","木棉花","8bit","異世界","魔法","喜劇",NULL,NULL,NULL,"小說改編","續作"
351,"冰冰冰 冰淇淋君",48000,4000,"2021","04",12,"4.1",112,"","羚邦","新銳動畫","溫馨","闔家觀賞",NULL,NULL,NULL,NULL,"原創作品","續作"
352,"奇巧計程車",2268000,174462,"2021","04",13,"4.9",7833,"木下麥","曼迪","P.I.C.S. × OLM","推理","懸疑",NULL,NULL,NULL,NULL,"原創作品","新作"
353,"七騎士：革命 -英雄的繼承者-",245000,20417,"2021","04",12,"4",316,"市川量也","木棉花","LIDENFILMS、domerica","動作","冒險","奇幻",NULL,NULL,NULL,"遊戲改編","新作"
354,"燒窯的話也要馬克杯",192000,8000,"2021","04",24,"4.6",372,"神谷純","羚邦","日本 Animation","校園","溫馨","闔家觀賞",NULL,NULL,NULL,"漫畫改編","續作"
355,"刮掉鬍子的我與撿到的女高中生",3964000,304923,"2021","04",13,"4.6",8876,"上北學","木棉花","project No.9","戀愛","溫馨",NULL,NULL,NULL,NULL,"小說改編","新作"
356,"變身成黑辣妹之後就和死黨上床了",622000,77750,"2021","04",8,"3.6",865,"ちょっこう","木棉花","いらゐあす","戀愛","BL","泡麵番",NULL,NULL,NULL,"漫畫改編","新作"
357,"戰鬥員派遣中！",2447000,203917,"2021","04",12,"4.8",5058,"赤城博昭","木棉花","J.C.STAFF","動作","冒險","奇幻","喜劇",NULL,NULL,"小說改編","新作"
358,"NOMAD MEGALOBOX 機甲拳擊 第二季",415000,31923,"2021","04",13,"4.9",1658,"森山洋","羚邦","TMS Entertainment","機甲","運動","競技",NULL,NULL,NULL,"原創作品","新作"
359,"Vivy -Fluorite Eye's Song-",4844000,346000,"2021","04",14,"4.9",20093,"江崎慎平","木棉花","WIT STUDIO","動作","科幻","音樂",NULL,NULL,NULL,"原創作品","新作"
360,"灼熱卡巴迪",295000,24583,"2021","04",12,"4.7",621,"市川量也","羚邦","TMS Entertainment","青春","運動","競技",NULL,NULL,NULL,"漫畫改編","新作"
361,"卡片戰鬥!! 先導者 overdress",78000,6500,"2021","04",12,"4",128,"森賢","元美國際映像","Kinema Citrus、ぎふとアニメーション、STUDIOJEMI","校園","競技","闔家觀賞",NULL,NULL,NULL,"遊戲改編","續作"
362,"壽司大相撲",233000,4481,"2021","04",52,"4.1",440,"助川勇太","羚邦","白組","喜劇","悠閒","闔家觀賞","泡麵番",NULL,NULL,"改編作品","新作"
363,"真白之音",467000,38917,"2021","04",12,"4.8",1438,"赤城博昭","曼迪","新銳動畫","校園","競技","音樂",NULL,NULL,NULL,"漫畫改編","新作"
364,"義呆利 World Stars",298000,19867,"2021","04",15,"4.8",663,"わたなべひろし","木棉花","STUDIO DEEN","喜劇","溫馨","歷史","泡麵番","闔家觀賞",NULL,"原創作品","新作"
366,"擾亂 THE PRINCESS OF SNOW AND BLOOD",170000,14167,"2021","03",12,"4",423,"工藤進","羚邦","BAKKEN RECORD","動作","冒險","奇幻",NULL,NULL,NULL,"原創作品","新作"
367,"東京復仇者",4473000,178920,"2021","03",25,"4.4",4314,"初見浩一","木棉花","LIDENFILMS","動作","推理","懸疑","時間穿越",NULL,NULL,"漫畫改編","續作"
368,"憂國的莫里亞蒂 第一季 後半",601000,46231,"2021","03",13,"4.9",1967,"野村和也","木棉花","Production I.G","推理","懸疑",NULL,NULL,NULL,NULL,"漫畫改編","新作"
369,"我的英雄學院 第五季",5965000,238600,"2021","03",25,"4.8",4433,"長崎健司、向井雅浩","羚邦","BONES","動作","超能力","校園","勵志",NULL,NULL,"漫畫改編","續作"
370,"少女與戰車 最終章 第3話",25000,25000,"2021","03",1,"5",737,"水島努","華藝娛樂","アクタス","動作","機甲","校園","競技",NULL,NULL,"原創作品","續作"
374,"國高中一貫！！鬼滅學園物語",307000,43857,"2021","03",7,"4.2",621,"外崎春雄","木棉花","ufotable","校園","青春","闔家觀賞","泡麵番",NULL,NULL,"漫畫改編","新作"
375,"魔法水果籃 最終季",998000,76769,"2021","03",13,"4.9",1980,"井端義秀","曼迪","TMS Entertainment","奇幻","校園","戀愛","溫馨","親情",NULL,"漫畫改編","續作"
376,"水星領航員 ARIA The CREPUSCOLO",18000,18000,"2021","03",1,"4.9",463,"佐藤順一","木棉花","J.C.STAFF","科幻","溫馨","悠閒",NULL,NULL,NULL,"漫畫改編","新作"
377,"鳴鳥不飛：Don’t stay gold",5705,5705,"2021","03",1,"4.7",185,"牧田佳織","采昌","GRIZZLY","戀愛","BL",NULL,NULL,NULL,NULL,"原創作品","新作"
378,"舞伎家的料理人",248000,20667,"2021","02",12,"4.9",1068,"鈴木洋平","提恩傳媒","J.C.STAFF","溫馨","料理","闔家觀賞",NULL,NULL,NULL,"漫畫改編","新作"
379,"新網球王子 冰帝 vs 立海 Game of Future",35000,35000,"2021","02",1,"4.6",195,"川口敬一郎","木棉花","スタジオKAI・M.S.C","超能力","校園","青春","運動","競技",NULL,"漫畫改編","續作"
380,"名偵探柯南：緋色的不在場證明",150000,150000,"2021","02",1,"4.8",641,"","曼迪","TMS Entertainment","推理","懸疑",NULL,NULL,NULL,NULL,"漫畫改編","新作"
383,"魔術士歐菲 流浪之旅 基姆拉克篇",119000,10818,"2021","01",11,"3.6",170,"濱名孝行","羚邦","STUDIO DEEN","冒險","奇幻",NULL,NULL,NULL,NULL,"小說改編","續作"
385,"Dr.STONE 新石紀 第二季",2552000,232000,"2021","01",11,"4.9",4342,"飯野慎也","羚邦","TMS Entertainment","動作","冒險","奇幻","科幻","勵志",NULL,"漫畫改編","續作"
386,"奇蛋物語 Wonder Egg Priority",796000,61231,"2021","01",13,"4.8",2986,"若林信","車庫娛樂","CloverWorks","異世界","校園","黑暗",NULL,NULL,NULL,"原創作品","新作"
387,"闇芝居 第八季",127000,9769,"2021","01",13,"2.8",253,"ILCA","木棉花","ILCA","懸疑","靈異神怪","泡麵番",NULL,NULL,NULL,"改編作品","續作"
388,"廚神小當家 第二季",357000,29750,"2021","01",12,"2.4",441,"川崎逸朗","木棉花","NAS","料理","競技",NULL,NULL,NULL,NULL,"漫畫改編","續作"
389,"怪物事變",1799000,149917,"2021","01",12,"4.9",3652,"藤森雅也","木棉花","亞細亞堂","動作","冒險","靈異神怪",NULL,NULL,NULL,"漫畫改編","新作"
391,"無職轉生，到了異世界就拿出真本事",12968000,540333,"2021","01",24,"4.9",25806,"岡本学","木棉花","StudioBind","動作","冒險","奇幻","異世界","魔法",NULL,"小說改編","續作"
392,"EX-ARM",99000,8250,"2021","01",12,"1.5",1047,"木村好克","木棉花","ビジュアルフライト","動作","科幻",NULL,NULL,NULL,NULL,"漫畫改編","新作"
393,"堀與宮村",5394000,414923,"2021","01",13,"4.9",15437,"石濱真史","羚邦","CloverWorks","校園","戀愛","青春",NULL,NULL,NULL,"漫畫改編","續作"
394,"工作細胞 第二季",1052000,131500,"2021","01",8,"4.8",1905,"小倉宏文","木棉花","david production","動作","喜劇","闔家觀賞",NULL,NULL,NULL,"漫畫改編","續作"
395,"工作細胞 Black",1676000,128923,"2021","01",13,"4.8",2559,"山本秀世","木棉花","LIDENFILMS","動作","喜劇","血腥暴力","黑暗",NULL,NULL,"漫畫改編","新作"
396,"怪病醫拉姆尼",578000,48167,"2021","01",12,"4.7",1216,"大庭秀昭","木棉花","Platinum Vision","奇幻","喜劇","懸疑",NULL,NULL,NULL,"漫畫改編","新作"
397,"SK8 the Infinity",1559000,129917,"2021","01",12,"4.9",3825,"内海紘子","木棉花","BONES","動作","青春","運動","競技",NULL,NULL,"原創作品","新作"
398,"BACK ARROW",668000,27833,"2021","01",24,"4.7",1526,"谷口悟朗","曼迪","Studio VOLN","動作","冒險","機甲","戰爭",NULL,NULL,"原創作品","新作"
399,"Praeter 之傷",134000,10308,"2021","01",13,"3.6",227,"鈴木信吾","木棉花","GoHands","動作",NULL,NULL,NULL,NULL,NULL,"原創作品","新作"
400,"轉生成蜘蛛又怎樣！",7802000,325083,"2021","01",24,"4",6972,"板垣伸","羚邦","Millepensee","動作","冒險","奇幻","時間穿越",NULL,NULL,"小說改編","新作"
401,"搖曳露營△ 第二季",1685000,129615,"2021","01",13,"5",8112,"京極義昭","羚邦","C-Station","溫馨","悠閒","料理","闔家觀賞",NULL,NULL,"漫畫改編","續作"
402,"天地創造設計部",877000,67462,"2021","01",13,"4.8",2229,"增井壯一","木棉花","旭Production","超能力","喜劇","職場",NULL,NULL,NULL,"漫畫改編","新作"
403,"2.43 清陰高中男子排球社",363000,30250,"2021","01",12,"4",509,"木村泰大","JY Animation","david production","校園","青春","運動",NULL,NULL,NULL,"小說改編","新作"
404,"搖滾少女!! STARS!!",80000,6667,"2021","01",12,"4.8",237,"池添隆博","羚邦","Kinema Citrus","青春","偶像","音樂",NULL,NULL,NULL,"遊戲改編","續作"
405,"ICHU 偶像進行曲",80000,6667,"2021","01",12,"4.6",182,"難波日登志","木棉花","Lay-duce","校園","青春","偶像","音樂",NULL,NULL,"遊戲改編","新作"
406,"蒼之騎士團",300000,25000,"2021","01",12,"4.1",436,"西片康人","木棉花","LIDENFILMS","冒險","奇幻",NULL,NULL,NULL,NULL,"遊戲改編","新作"
407,"約定的夢幻島 第二季",1752000,146000,"2021","01",12,"3.4",3747,"神戶守","羚邦","CloverWorks","冒險","懸疑","黑暗",NULL,NULL,NULL,"漫畫改編","續作"
408,"PUI PUI 天竺鼠車車",2110000,87917,"2021","01",24,"4.8",5763,"見里朝希","木棉花","新銳動畫、Green-hearts","喜劇","溫馨","悠閒","泡麵番","闔家觀賞",NULL,"原創作品","續作"
409,"關於我轉生變成史萊姆這檔事 第二季",16078000,618385,"2021","01",26,"4.8",14097,"中山敦史","木棉花","8bit","冒險","奇幻","異世界","魔法","喜劇",NULL,"小說改編","續作"
410,"比方說，這是個出身魔王關附近的少年在新手村生活的故事",2441000,203417,"2021","01",12,"4.3",3076,"migmi","木棉花","LIDENFILMS","冒險","奇幻","魔法",NULL,NULL,NULL,"小說改編","新作"
411,"裏世界遠足",564000,47000,"2021","01",12,"4.5",1508,"佐藤卓哉","羚邦","LIDENFILMS、FelixFilm","冒險","異世界","懸疑","靈異神怪",NULL,NULL,"小說改編","新作"
412,"幼女社長",140000,9333,"2021","01",15,"4.7",384,"いわたかずや","羚邦","project No.9","喜劇","悠閒","職場","泡麵番",NULL,NULL,"漫畫改編","新作"
413,"大人的防具店 第二季",206000,17167,"2021","01",12,"4.1",357,"山元隼一","木棉花","IMAGICA Lab.","喜劇","職場","泡麵番",NULL,NULL,NULL,"漫畫改編","續作"
414,"花樣滑冰 Stars",176000,14667,"2020","12",12,"3.6",337,"谷口悟朗、福島利規","羚邦","J.C.STAFF","運動","競技","偶像",NULL,NULL,NULL,"原創作品","新作"
416,"喬瑟與虎與魚群 動畫版",20000,20000,"2020","12",1,"4.9",1479,"田村耕太郎","采昌","BONES","戀愛","勵志","溫馨",NULL,NULL,NULL,"原創作品","新作"
418,"鬼滅之刃 柱合會議‧蝴蝶屋篇",218000,218000,"2020","12",1,"3.7",633,"","木棉花","ufotable","動作","冒險","奇幻","血腥暴力",NULL,NULL,"漫畫改編","續作"
420,"突然降臨的埃及神",119000,11900,"2020","12",10,"4.9",529,"菊池カツヤ","木棉花","颱風グラフィックス","奇幻","喜劇","悠閒","闔家觀賞",NULL,NULL,"漫畫改編","續作"
421,"進擊的巨人 The Final Season",17210000,593448,"2020","12",29,"4.9",24841,"林祐一郎","木棉花","MAPPA","動作","冒險","戰爭","血腥暴力",NULL,NULL,"原創作品","新作"
422,"Fate/Grand Order - 神聖圓桌領域卡美洛 - Wandering；Agateram",156000,156000,"2020","12",1,"2.4",1722,"末澤慧、荒井和人","曼迪","SIGNAL.MD、Production I.G","動作","冒險","奇幻","魔法","戰爭",NULL,"遊戲改編","新作"
424,"鬼滅之奏",91000,91000,"2020","11",1,"4.4",1068,"","木棉花","","音樂","真人演出",NULL,NULL,NULL,NULL,"漫畫改編","新作"
425,"尋找小魔女 DoReMi",12000,12000,"2020","11",1,"4.9",334,"佐藤順一、鎌谷悠","采昌","東映動畫","勵志","溫馨","感人","闔家觀賞",NULL,NULL,"原創作品","新作"
426,"約會大作戰 DATE A BULLET 赤黑新章：紅或白",39000,39000,"2020","11",1,"4.3",477,"中川淳","車庫娛樂","GEEKTOYS","動作","科幻","校園","戀愛",NULL,NULL,"小說改編","新作"
428,"D4DJ First Mix",381000,27214,"2020","10",14,"4.9",1190,"水島精二","羚邦","三次元","校園","青春","偶像","音樂",NULL,NULL,"遊戲改編","續作"
429,"鬼滅之刃 那田蜘蛛山篇",144000,144000,"2020","10",1,"3.7",595,"","木棉花","ufotable","動作","冒險","奇幻","血腥暴力",NULL,NULL,"漫畫改編","續作"
432,"土下座跪求給看 年齡限制版",214000,16462,"2020","10",13,"4.5",1725,"永居慎平","提恩傳媒","アドネロ","動作","喜劇","勵志",NULL,NULL,NULL,"漫畫改編","新作"
433,"土下座跪求給看",820000,63077,"2020","10",13,"4.5",1725,"永居慎平","提恩傳媒","アドネロ","動作","喜劇","勵志",NULL,NULL,NULL,"漫畫改編","新作"
434,"光之戰記 -ZUERST-",182000,15167,"2020","10",12,"4.1",268,"細田直人","木棉花","橫濱アニメーションラボ","冒險","奇幻",NULL,NULL,NULL,NULL,"遊戲改編","新作"
435,"阿松 第三季",468000,18720,"2020","10",25,"4.4",736,"藤田陽一","曼迪","studio Pierrot","喜劇","悠閒",NULL,NULL,NULL,NULL,"漫畫改編","續作"
436,"成神之日",1526000,127167,"2020","10",12,"3.7",4850,"淺井義之","木棉花","P.A. WORKS","科幻","校園","戀愛",NULL,NULL,NULL,"原創作品","新作"
437,"體操武士",285000,25909,"2020","10",11,"4.9",1408,"清水久敏","羚邦","MAPPA","勵志","溫馨","親情","運動","競技","闔家觀賞","原創作品","新作"
438,"請問您今天要來點兔子嗎？BLOOM",552000,46000,"2020","10",12,"4.9",2307,"橋本裕之","木棉花","ENCOURAGE FILMS","喜劇","溫馨","悠閒",NULL,NULL,NULL,"漫畫改編","續作"
439,"水豚君",118000,4917,"2020","10",24,"4.7",207,"月見里智弘","木棉花","新銳動畫、Lesprit","溫馨","悠閒","闔家觀賞","泡麵番",NULL,NULL,"原創作品","新作"
440,"強襲魔女 通往柏林之路",372000,31000,"2020","10",12,"4.9",972,"高村和宏","提恩傳媒","david production","魔法","科幻","戰爭",NULL,NULL,NULL,"原創作品","續作"
441,"小碧藍幻想！",232000,19333,"2020","10",12,"4.7",494,"森井ケンシロウ","羚邦","DMM.futureworks、W-Toon Studio","冒險","奇幻","魔法","喜劇","泡麵番",NULL,"遊戲改編","新作"
442,"月歌。THE ANIMATION 2",78000,6000,"2020","10",13,"4.1",185,"西本由紀夫","羚邦","Children's Playground Entertainment","偶像","音樂",NULL,NULL,NULL,NULL,"改編作品","續作"
443,"在魔王城說晚安",3362000,280167,"2020","10",12,"4.9",8792,"山崎みつえ","木棉花","動画工房","奇幻","喜劇",NULL,NULL,NULL,NULL,"漫畫改編","新作"
444,"黃金神威 第三季",1266000,105500,"2020","10",12,"5",3871,"難波日登志","木棉花","Geno Studio","動作","冒險","料理","歷史",NULL,NULL,"漫畫改編","續作"
446,"攀岩少女！",453000,37750,"2020","10",12,"4.5",810,"網野哲郎","羚邦","BLADE","勵志","運動","競技",NULL,NULL,NULL,"漫畫改編","新作"
447,"眾神眷顧的男人",2406000,200500,"2020","10",12,"4.5",3182,"柳瀬雄之","羚邦","MAHO FILM","奇幻","異世界","魔法",NULL,NULL,NULL,"小說改編","續作"
448,"前說！",82000,6308,"2020","10",13,"4.4",184,"信田ユウ","提恩傳媒","Studio 五組、AXsiZ","喜劇","溫馨","職場",NULL,NULL,NULL,"原創作品","新作"
449,"王之逆襲：意志的繼承者",776000,29846,"2020","10",26,"4.1",628,"星野真","曼迪","OLM × SUNRISE BEYOND","冒險","奇幻",NULL,NULL,NULL,NULL,"遊戲改編","新作"
450,"排球少年！！第四季 Part 2",3785000,315417,"2020","10",12,"4.9",5512,"佐藤雅子","羚邦","Production I.G","校園","勵志","運動",NULL,NULL,NULL,"漫畫改編","續作"
451,"催眠麥克風",761000,58538,"2020","10",13,"4.7",1265,"小野勝巳","木棉花","A-1 Pictures","競技","音樂",NULL,NULL,NULL,NULL,"原創作品","續作"
452,"在地下城尋求邂逅是否搞錯了什麼 第三季",4113000,316385,"2020","10",13,"4.8",5474,"橘秀樹","木棉花","J.C.STAFF","動作","冒險","奇幻",NULL,NULL,NULL,"小說改編","續作"
453,"勇者鬥惡龍 達伊的大冒險",4643000,45970,"2020","10",101,"4.8",3458,"堀井雄二","木棉花","東映動畫","動作","冒險",NULL,NULL,NULL,NULL,"漫畫改編","新作"
454,"半妖的夜叉姬",1663000,69292,"2020","10",24,"3.7",1750,"佐藤照雄","羚邦","SUNRISE","冒險","靈異神怪",NULL,NULL,NULL,NULL,"漫畫改編","續作"
455,"Love Live！虹咲學園 學園偶像同好會",650000,50000,"2020","10",13,"4.8",2306,"公野櫻子","木棉花","SUNRISE","校園","青春","偶像","音樂",NULL,NULL,"漫畫改編","新作"
456,"魔法科高中的劣等生 來訪者篇",3881000,298538,"2020","10",13,"4.8",4356,"吉田りさこ","曼迪","8bit","奇幻","魔法","科幻","校園",NULL,NULL,"漫畫改編","新作"
457,"戰翼的希格德莉法",438000,36500,"2020","10",12,"4.4",1189,"德田大貴","車庫娛樂","A-1 Pictures","動作","科幻",NULL,NULL,NULL,NULL,"原創作品","新作"
458,"咒術迴戰",22381000,932542,"2020","10",24,"4.9",20200,"朴性厚","羚邦","MAPPA","動作","奇幻","超能力","校園","血腥暴力","靈異神怪","漫畫改編","新作"
459,"我立於百萬生命之上",2081000,173417,"2020","10",12,"4.1",2139,"羽原久美子","羚邦","MAHO FILM","動作","冒險","奇幻","異世界","魔法",NULL,"漫畫改編","續作"
460,"BURN THE WITCH 龍與魔女",306000,102000,"2020","10",3,"4.8",1807,"川野達朗","木棉花","teamヤマヒツヂ／スタジオコロリド","動作","魔法","校園",NULL,NULL,NULL,"漫畫改編","新作"
462,"WAVE!! ~來衝浪吧!!~",92000,7667,"2020","10",12,"3.6",173,"尾崎隆晴","曼迪","旭 Production","青春","勵志","運動",NULL,NULL,NULL,"原創作品","新作"
463,"汪汪與喵喵",66000,2750,"2020","10",24,"4.8",203,"岸誠二","提恩傳媒","Team Till Dawn","喜劇","溫馨","泡麵番","闔家觀賞",NULL,NULL,"漫畫改編","新作"
464,"魔女之旅",2471000,205917,"2020","10",12,"4.9",7869,"窪岡俊之","木棉花","C2C","冒險","奇幻","魔法","血腥暴力","黑暗",NULL,"小說改編","新作"
465,"鐵路浪漫譚",149000,12417,"2020","10",12,"4.5",468,"ひらさわひさよし","木棉花","サエッタ","戀愛","泡麵番",NULL,NULL,NULL,NULL,"遊戲改編","續作"
466,"暮蟬悲鳴時 業",1914000,79750,"2020","10",24,"4.8",2904,"川口敬一郎","羚邦","Passione","推理","懸疑","血腥暴力","靈異神怪","黑暗",NULL,"遊戲改編","續作"
468,"大貴族",1360000,97143,"2020","09",14,"4.7",1356,"多田俊介、山本靖貴","木棉花","Production I.G","冒險","奇幻","校園",NULL,NULL,NULL,"漫畫改編","新作"
469,"無能力者娜娜",1843000,141769,"2020","09",13,"4.7",3825,"石平信司","木棉花","Bridge","超能力","校園","推理","懸疑","黑暗",NULL,"漫畫改編","新作"
471,"憂國的莫里亞蒂 第一季",876000,79636,"2020","09",11,"4.9",2200,"野村和也","木棉花","Production I.G","推理","懸疑",NULL,NULL,NULL,NULL,"漫畫改編","新作"
472,"熊熊勇闖異世界",2282000,190167,"2020","09",12,"4.7",4394,"信田ユウ","木棉花","EMT Squared","動作","冒險","奇幻","異世界",NULL,NULL,"小說改編","續作"
474,"荒野的壽飛行隊 完全版",11000,11000,"2020","09",1,"4.8",206,"水島努","木棉花","GEMBA","勵志","戰爭",NULL,NULL,NULL,NULL,"原創作品","續作"
477,"工作細胞 特別上映版 - 強「菌」來襲！人體腸道大騷動！",83000,83000,"2020","09",1,"4.7",378,"小倉宏文","木棉花","david production","動作","喜劇","闔家觀賞",NULL,NULL,NULL,"漫畫改編","新作"
481,"我的英雄學院 OVA：活下來！殊死的生存訓練",352000,176000,"2020","08",2,"4.8",1048,"長崎健司、向井雅浩","羚邦","BONES","動作","超能力","校園","勵志",NULL,NULL,"漫畫改編","續作"
482,"Fate/stay night [Heaven's Feel] Ⅲ.春櫻之歌",169000,169000,"2020","08",1,"5",3912,"須藤友德","曼迪","ufotable","動作","冒險","奇幻","魔法","血腥暴力","黑暗","遊戲改編","新作"
483,"約會大作戰 DATE A BULLET 赤黑新章：虛或實",32000,32000,"2020","08",1,"4.3",454,"中川淳","車庫娛樂","GEEKTOYS","動作","科幻","校園","戀愛",NULL,NULL,"小說改編","新作"
484,"屁屁偵探：咖哩香料事件＋瓢蟲遺蹟之謎",2663,2663,"2020","08",1,"-1",-1,"芝田浩樹","采昌","東映動畫","推理","闔家觀賞",NULL,NULL,NULL,NULL,"漫畫改編","續作"
489,"GIBIATE 獵魔武士",290000,22308,"2020","07",13,"1.8",655,"小美野雅彥","羚邦","ランチ・BOX×スタジオエル","動作","冒險","靈異神怪",NULL,NULL,NULL,"原創作品","新作"
490,"忍者收藏",117000,9000,"2020","07",13,"3.4",342,"梅津智史、船田晃","木棉花","テレビ東京","靈異神怪","泡麵番",NULL,NULL,NULL,NULL,"原創作品","新作"
491,"彼得・格里爾的賢者時間",550000,45833,"2020","07",12,"4.2",1552,"辰美","木棉花","Wolfsbane","奇幻","喜劇",NULL,NULL,NULL,NULL,"漫畫改編","新作"
492,"出租女友",4255000,354583,"2020","07",12,"4.7",7435,"古賀一臣","木棉花","TMS ENTERTAINMENT","喜劇","戀愛","青春",NULL,NULL,NULL,"漫畫改編","續作"
493,"GET UP！GET LIVE！＃GERA GERA",37000,3083,"2020","07",12,"4.7",117,"エイティーエイト","木棉花","SPELLBOUND","超能力","校園","喜劇",NULL,NULL,NULL,"原創作品","新作"
494,"彼得・格里爾的賢者時間 年齡限制版",789000,65750,"2020","07",12,"4.2",1552,"辰美","木棉花","Wolfsbane","奇幻","喜劇",NULL,NULL,NULL,NULL,"漫畫改編","新作"
495,"果然我的青春戀愛喜劇搞錯了。完",2809000,234083,"2020","07",12,"4.9",10125,"及川啓","羚邦","feel.","校園","戀愛","青春",NULL,NULL,NULL,"小說改編","續作"
496,"非槍人生 NO GUNS LIFE 第二季",351000,29250,"2020","07",12,"4.6",517,"伊藤尚往","木棉花","MADHOUSE","動作","科幻",NULL,NULL,NULL,NULL,"漫畫改編","續作"
497,"Re：從零開始的異世界生活 第二季",11739000,469560,"2020","07",25,"4.9",14370,"渡邊政治","木棉花","WHITE FOX","動作","冒險","奇幻","異世界","魔法",NULL,"小說改編","續作"
498,"魔法律事務所 第二季",250000,20833,"2020","07",12,"4.6",289,"近藤信宏","木棉花","STUDIO DEEN","奇幻","魔法","靈異神怪",NULL,NULL,NULL,"漫畫改編","續作"
499,"高校之神",1772000,136308,"2020","07",13,"4.4",2280,"朴性厚","木棉花","MAPPA","動作","超能力","校園","運動",NULL,NULL,"漫畫改編","新作"
500,"魔王學院的不適任者～史上最強的魔王始祖，轉生就讀子孫們的學校～",6399000,492231,"2020","07",13,"4.7",9455,"大沼心、田村正文","木棉花","SILVER LINK.","奇幻","異世界","魔法","校園",NULL,NULL,"小說改編","續作"
501,"刀劍神域 Alicization War of Underworld -THE LAST SEASON-",5845000,487083,"2020","07",12,"3.4",12865,"小野學","木棉花","A-1 Pictures","動作","冒險","奇幻","魔法","科幻",NULL,"小說改編","新作"
502,"魔物娘的醫生",1535000,127917,"2020","07",12,"4.7",1986,"岩崎良明","木棉花","ARVO ANIMATION","奇幻","戀愛",NULL,NULL,NULL,NULL,"小說改編","新作"
503,"Lapis Re：LiGHTs",486000,40500,"2020","07",12,"4.8",1570,"畑博之","木棉花","横浜アニメーションラボ","魔法","校園","偶像","音樂",NULL,NULL,"原創作品","新作"
504,"炎炎消防隊 貳之章",387000,16125,"2020","07",24,"4.8",952,"南川達馬","bilibili HK","david production","動作",NULL,NULL,NULL,NULL,NULL,"漫畫改編","續作"
505,"弩級戰隊 HXEROS",685000,57083,"2020","07",12,"4.5",1237,"神保昌登","木棉花","project No.9","科幻","校園","喜劇","戀愛",NULL,NULL,"漫畫改編","新作"
506,"小妖怪",51000,1308,"2020","07",39,"3.2",74,"イワタナオミ","木棉花","Fanworks Inc.","靈異神怪","闔家觀賞","泡麵番",NULL,NULL,NULL,"漫畫改編","新作"
507,"DECA - DENCE",1663000,127923,"2020","06",13,"4.9",6050,"立川讓","木棉花","NUT","動作","冒險","科幻",NULL,NULL,NULL,"原創作品","新作"
509,"卡片戰鬥!! 先導者 外傳 -if-",75000,3000,"2020","05",25,"3.9",92,"川崎逸朗","元美國際映像","OLM Team Abe","校園","競技","闔家觀賞",NULL,NULL,NULL,"遊戲改編","續作"
511,"別冊奧林匹克之環",788000,32833,"2020","04",24,"4.8",1998,"藤井亮","木棉花","のびしろラボ","喜劇","歷史","泡麵番",NULL,NULL,NULL,"漫畫改編","新作"
512,"啄木鳥偵探社",117000,9750,"2020","04",12,"4.5",291,"江崎慎平","木棉花","LIDENFILMS","推理","懸疑",NULL,NULL,NULL,NULL,"小說改編","新作"
513,"輝夜姬想讓人告白～天才們的戀愛頭腦戰～ 第二季",9306000,775500,"2020","04",12,"5",20191,"畠山守","木棉花","A-1 Pictures","校園","喜劇","戀愛",NULL,NULL,NULL,"漫畫改編","續作"
514,"噴嚏大魔王 2020",66000,3300,"2020","04",20,"4.2",128,"濁川敦","木棉花","タツノコプロ・日本アニメーション","冒險","喜劇","闔家觀賞",NULL,NULL,NULL,"原創作品","新作"
515,"天晴爛漫！",586000,45077,"2020","04",13,"4.8",1690,"橋本昌和","提恩傳媒","P.A. WORKS","動作","冒險","科幻","競技",NULL,NULL,"原創作品","新作"
516,"ARGONAVIS from BanG Dream！",157000,12077,"2020","04",13,"4.5",385,"錦織博","木棉花","SANZIGEN","青春","勵志","音樂",NULL,NULL,NULL,"原創作品","續作"
517,"座敷童子塌塌米醬",78000,6500,"2020","04",12,"4.2",199,"押切蓮介","羚邦","ZERO-G","喜劇","靈異神怪","泡麵番",NULL,NULL,NULL,"原創作品","新作"
518,"食戟之靈 豪之皿",1807000,139000,"2020","04",13,"4.6",1494,"米谷良知","羚邦","J.C.STAFF","校園","料理",NULL,NULL,NULL,NULL,"漫畫改編","續作"
519,"富豪刑警 Balance: UNLIMITED",1338000,121636,"2020","04",11,"4.8",3769,"伊藤智彥","羚邦","CloverWorks","動作","職場","懸疑",NULL,NULL,NULL,"小說改編","新作"
521,"闇影詩章",829000,16255,"2020","04",51,"2.5",1340,"川口敬一郎","木棉花","ZEXCS","科幻","校園","闔家觀賞",NULL,NULL,NULL,"遊戲改編","續作"
522,"放學後堤防日誌",805000,67083,"2020","04",12,"4.9",2378,"大隈孝晴","木棉花","動画工房","校園","喜劇","青春","闔家觀賞",NULL,NULL,"漫畫改編","新作"
523,"白貓 Project Zero Chronicle 零之紀元",528000,44000,"2020","04",12,"3.8",834,"神保昌登","木棉花","Project No.9","冒險","奇幻","魔法",NULL,NULL,NULL,"遊戲改編","新作"
524,"魔法水果籃 第二季",1927000,77080,"2020","04",25,"4.9",1999,"井端義秀","曼迪","TMS Entertainment","奇幻","校園","戀愛","溫馨","親情",NULL,"漫畫改編","續作"
525,"繼怪怪守護神",897000,74750,"2020","04",12,"4.9",2036,"倉谷涼一","木棉花","ZERO-G","校園","靈異神怪",NULL,NULL,NULL,NULL,"漫畫改編","新作"
526,"IDOLiSH7 - 偶像星願 - Second BEAT！",557000,37133,"2020","04",15,"4.9",1175,"別所誠人","曼迪","TROYCA","偶像","音樂",NULL,NULL,NULL,NULL,"遊戲改編","續作"
527,"王者天下 第三季",1758000,67615,"2020","04",26,"4.9",1575,"今泉賢一","曼迪","St.Signpost","歷史","戰爭",NULL,NULL,NULL,NULL,"漫畫改編","續作"
528,"格萊普尼爾",2294000,176462,"2020","04",13,"4.6",3152,"米田和弘","羚邦","PINE JAM","動作","超能力","懸疑","血腥暴力","靈異神怪",NULL,"漫畫改編","新作"
529,"社長，戰鬥的時間到了！",547000,45583,"2020","04",12,"2.7",1456,"池下博紀","木棉花","C2C","冒險","異世界",NULL,NULL,NULL,NULL,"遊戲改編","新作"
530,"轉生成女性向遊戲只有毀滅 END 的壞人大小姐",2109000,175750,"2020","04",12,"4.9",4714,"井上圭介","木棉花","SILVER LINK.","異世界","喜劇","戀愛",NULL,NULL,NULL,"小說改編","新作"
531,"昨日之歌",927000,51500,"2020","04",18,"4.7",2207,"藤原佳幸","木棉花","動畫工房","戀愛","青春",NULL,NULL,NULL,NULL,"漫畫改編","新作"
532,"阿爾蒂",573000,47750,"2020","04",12,"4.8",1433,"濱名孝行","木棉花","Seven Arcs","勵志","職場",NULL,NULL,NULL,NULL,"漫畫改編","新作"
533,"辣妹與恐龍",904000,75333,"2020","04",12,"4.9",3499,"青木純","木棉花","Space Neko Company、神風動畫","喜劇","溫馨",NULL,NULL,NULL,NULL,"漫畫改編","新作"
534,"小書痴的下剋上：為了成為圖書管理員不擇手段！第二季",1430000,119167,"2020","04",12,"4.9",3100,"本郷みつる","木棉花","亞細亞堂","奇幻","異世界","勵志",NULL,NULL,NULL,"小說改編","續作"
535,"辣妹與恐龍 真人版",261000,21750,"2020","04",12,"4.5",814,"大塚貴彦、須藤孝太郎","木棉花","HALO","喜劇","溫馨","真人演出",NULL,NULL,NULL,"漫畫改編","新作"
536,"棒球大聯盟 2nd 第二季",857000,34280,"2020","04",25,"4.8",516,"渡邊步","曼迪","OLM","青春","運動","競技","闔家觀賞",NULL,NULL,"漫畫改編","續作"
537,"遊戲王! SEVENS",14000,280,"2020","04",50,"4.3",78,"近藤信宏","羚邦","Bridge","勵志","競技","闔家觀賞",NULL,NULL,NULL,"漫畫改編","新作"
538,"新櫻花大戰",332000,27667,"2020","04",12,"4.2",589,"小野學","羚邦","SANZIGEN","動作","科幻","機甲",NULL,NULL,NULL,"遊戲改編","新作"
539,"文豪與鍊金術師～審判的齒輪～",334000,25692,"2020","04",13,"4.6",470,"渡邊穩寬","羚邦","OLM","冒險","奇幻",NULL,NULL,NULL,NULL,"遊戲改編","新作"
540,"隱瞞之事",1579000,131583,"2020","04",12,"4.9",6418,"村野佑太","提恩傳媒","亞細亞堂","溫馨","親情","感人","職場",NULL,NULL,"漫畫改編","新作"
541,"神之塔 -Tower of God-",222000,17077,"2020","04",13,"4.8",733,"佐野隆史","羚邦","Telecom Animation Film","冒險","奇幻",NULL,NULL,NULL,NULL,"漫畫改編","新作"
542,"天地無用！魎皇鬼 第 5 期",103000,17167,"2020","02",6,"4.8",200,"梶島正樹、元永慶太郎","木棉花","AIC","科幻","戀愛",NULL,NULL,NULL,NULL,"原創作品","續作"
543,"世界一初戀～求婚編～",64000,64000,"2020","02",1,"4.7",507,"高橋知也","羚邦","STUDIO DEEN","戀愛","BL",NULL,NULL,NULL,NULL,"漫畫改編","續作"
547,"ACCA13 區監察課 Regards",64000,64000,"2020","02",1,"4.9",605,"夏目真悟","曼迪","MADHOUSE","溫馨","親情","推理","懸疑",NULL,NULL,"漫畫改編","續作"
549,"哥布林殺手 -GOBLIN’S CROWN-",339000,339000,"2020","02",1,"4.6",2152,"尾崎隆晴","木棉花","WHITE FOX","冒險","奇幻","血腥暴力","黑暗",NULL,NULL,"小說改編","續作"
551,"BanG Dream！第三季",756000,58154,"2020","01",13,"4.9",2173,"柿本広大","木棉花","三次元","青春","勵志","音樂",NULL,NULL,NULL,"原創作品","續作"
552,"排球少年！！陸 VS 空＆球之道",190000,190000,"2020","01",1,"5",1529,"佐藤雅子","羚邦","Production I.G","校園","勵志","運動",NULL,NULL,NULL,"漫畫改編","續作"
554,"異世界四重奏 第二季",1326000,110500,"2020","01",12,"4.9",2565,"芦名みのる","木棉花","STUDIO PUYUKAI","校園","喜劇",NULL,NULL,NULL,NULL,"改編作品","續作"
555,"A3!",305000,12708,"2020","01",24,"4.7",543,"篠原啓輔","木棉花","P.A.WORKS×Studio 3Hz","青春","勵志","音樂",NULL,NULL,NULL,"遊戲改編","續作"
556,"異種族風俗娘評鑑指南",1244000,103667,"2020","01",12,"4.8",9081,"小川優樹","木棉花","Passione","奇幻","異世界","喜劇",NULL,NULL,NULL,"漫畫改編","新作"
557,"22/7",454000,34923,"2020","01",13,"4.5",1126,"阿保孝雄","車庫娛樂","A-1 Pictures","勵志","偶像","音樂",NULL,NULL,NULL,"原創作品","新作"
558,"異種族風俗娘評鑑指南 年齡限制版",1834000,152833,"2020","01",12,"4.8",9081,"小川優樹","木棉花","Passione","奇幻","異世界","喜劇",NULL,NULL,NULL,"漫畫改編","新作"
559,"虛構推理",1622000,135167,"2020","01",12,"4.7",3825,"後藤圭二","木棉花","Brain's Base","超能力","推理","靈異神怪",NULL,NULL,NULL,"小說改編","續作"
560,"織田肉桂信長",617000,51417,"2020","01",12,"4.7",1028,"高橋英俊","車庫娛樂","Studio Signpost","喜劇","悠閒","闔家觀賞",NULL,NULL,NULL,"漫畫改編","新作"
561,"請在伸展台上微笑",678000,56500,"2020","01",12,"4.9",2138,"長山延好","木棉花","Ezo'la","勵志","職場",NULL,NULL,NULL,NULL,"漫畫改編","新作"
562,"星光王子 星光時尚秀 BEST10",7460,7460,"2020","01",1,"4.1",50,"菱田正和","提恩傳媒","タツノコプロ","偶像","音樂",NULL,NULL,NULL,NULL,"原創作品","續作"
563,"排球少年！！第四季",4012000,308615,"2020","01",13,"4.9",5101,"佐藤雅子","羚邦","Production I.G","校園","勵志","運動",NULL,NULL,NULL,"漫畫改編","續作"
564,"〈Infinite Dendrogram〉-無盡連鎖-",1496000,115077,"2020","01",13,"4",1463,"小林智樹","羚邦","NAZ","動作","冒險","奇幻",NULL,NULL,NULL,"改編作品","新作"
565,"貓娘樂園",1022000,85167,"2020","01",12,"4.8",2665,"山本靖貴","提恩傳媒","FelixFilm","溫馨","職場",NULL,NULL,NULL,NULL,"遊戲改編","新作"
566,"神推偶像登上武道館我就死而無憾",643000,53583,"2020","01",12,"4.9",2325,"山本裕介","木棉花","8bit","勵志","偶像","職場",NULL,NULL,NULL,"漫畫改編","新作"
567,"寶石商人理察的謎鑑定",478000,39833,"2020","01",12,"4.7",1045,"岩崎太郎","木棉花","朱夏","職場","推理",NULL,NULL,NULL,NULL,"小說改編","新作"
568,"搖滾少女!! 活力棉花糖!!",119000,9917,"2020","01",12,"4.8",355,"孫承希","羚邦","Kinema Citrus","青春","偶像","音樂",NULL,NULL,NULL,"遊戲改編","續作"
569,"地縛少年花子君",1751000,145917,"2020","01",12,"4.9",2917,"安藤正臣","木棉花","Lerche","校園","靈異神怪",NULL,NULL,NULL,NULL,"漫畫改編","新作"
570,"索瑪麗與森林之神",1021000,85083,"2020","01",12,"4.9",3714,"安田賢司","木棉花","SATELIGHT","冒險","奇幻","溫馨",NULL,NULL,NULL,"漫畫改編","新作"
571,"淘氣貓 2020：家有圓圓？！我家的圓圓你知道嗎～",192000,17455,"2020","01",11,"4.9",616,"松田清","木棉花","MAPPA、Lapintrack","溫馨","闔家觀賞",NULL,NULL,NULL,NULL,"原創作品","新作"
572,"怕痛的我，把防禦力點滿就對了",6391000,532583,"2020","01",12,"4.8",9448,"大沼心、湊未來","木棉花","SILVER LINK.","冒險","奇幻","喜劇",NULL,NULL,NULL,"小說改編","續作"
573,"number24",324000,24923,"2020","01",13,"4.7",703,"きみやしげる","曼迪","ピー・アール・エー","青春","運動","競技",NULL,NULL,NULL,"原創作品","新作"
574,"魔術士歐菲 流浪之旅",521000,37214,"2020","01",14,"3.2",465,"濱名孝行","羚邦","STUDIO DEEN","冒險","奇幻",NULL,NULL,NULL,NULL,"小說改編","續作"
575,"房間露營",862000,66308,"2020","01",13,"4.9",3391,"神保昌登","羚邦","C-Station","喜劇","溫馨","泡麵番","闔家觀賞",NULL,NULL,"漫畫改編","新作"
576,"成群結伴！西頓學園",962000,80167,"2020","01",12,"4.8",2174,"博史池畠","羚邦","Studio 五組","校園","喜劇",NULL,NULL,NULL,NULL,"漫畫改編","新作"
577,"別對映像研出手！",970000,80833,"2020","01",12,"4.9",4505,"湯淺政明","羚邦","SCIENCE SARU INC.","校園","青春","職場",NULL,NULL,NULL,"漫畫改編","新作"
578,"魔法紀錄 魔法少女小圓外傳",872000,67077,"2020","01",13,"4.7",1494,"劇団イヌカレー（泥犬）、宮本幸裕","木棉花","SHAFT","冒險","奇幻","魔法","黑暗",NULL,NULL,"原創作品","新作"
579,"名偵探柯南：大怪獸哥梅拉 VS 假面超人",108000,108000,"2020","01",1,"4.6",409,"","曼迪","V1Studio","推理","懸疑",NULL,NULL,NULL,NULL,"漫畫改編","新作"
580,"達爾文遊戲",3708000,285231,"2020","01",13,"4.8",5745,"德本善信","木棉花","Nexus","動作","超能力","競技","懸疑","血腥暴力",NULL,"漫畫改編","新作"
581,"戀愛中的小行星",581000,44692,"2020","01",13,"4.9",2496,"平牧大輔","木棉花","動画工房","校園","青春",NULL,NULL,NULL,NULL,"漫畫改編","新作"
582,"Re：從零開始的異世界生活 新編集版",3301000,126962,"2020","01",26,"4.9",3878,"渡邊政治","木棉花","WHITE FOX","動作","冒險","奇幻","異世界","魔法",NULL,"小說改編","續作"
