動畫名,總觀看數,平均觀看數,年份,月份,集數,星級,評分人數,導演監督,製作廠商,作品分類1,作品分類2,作品分類3,作品分類4,作品分類5,作品分類6,原作載體,新續作,人氣度,觀看數(萬)
叫我對大哥 (TV版),217000,18083,2021,夏番,12,4.8,600,青木純,Fanworks、SPACE NEKO COMPANY,喜劇,悠閒,泡麵番,闔家觀賞,,,漫畫改編,新作,0,2
汪汪與喵喵,66000,2750,2020,秋番,24,4.8,200,岸誠二,Team Till Dawn,喜劇,溫馨,泡麵番,闔家觀賞,,,漫畫改編,新作,0,0
鬼滅之刃 刀匠村篇,5488000,498909,2023,春番,11,4.8,18600,外崎春雄,ufotable,動作,冒險,奇幻,血腥暴力,,,漫畫改編,續作,3,50
IDOLiSH7 - 偶像星願 - Third BEAT！,560000,18667,2021,夏番,30,4.8,1300,別所誠人,TROYCA,偶像,音樂,,,,,遊戲改編,續作,0,2
薄櫻鬼 新OVA,49000,16333,2021,秋番,3,4.8,300,ヤマサキオサム,Studio DEEN,奇幻,戀愛,歷史,,,,遊戲改編,續作,0,2
機戰少女 Alice Expansion,94000,7833,2023,春番,12,4.5,700,花井宏和,NOMAD,科幻,機甲,喜劇,,,,遊戲改編,新作,0,1
機動戰士鋼彈 水星的魔女 Season 2,1451000,120917,2023,春番,12,4.9,8600,⼩林寬,SUNRISE,科幻,機甲,校園,戰爭,,,原創作品,續作,1,12
小鳥之翼 第二季,151000,12583,2023,春番,12,4.8,1300,稲垣隆行,BN Pictures,運動,競技,,,,,原創作品,續作,0,1
境界服務,13000,1083,2023,春番,12,3.8,100,迫井政行,Studio 3Hz,動作,科幻,喜劇,職場,,,原創作品,新作,0,0
真・進化果實～不知不覺踏上勝利的人生～,472000,39333,2023,冬番,12,2.9,3200,奧村吉昭,HOTLINE,冒險,奇幻,,,,,小說改編,新作,0,4
DECA - DENCE,1663000,127923,2020,春番,13,4.9,6000,立川讓,NUT,動作,冒險,科幻,,,,原創作品,新作,1,13
噴嚏大魔王 2020,66000,3300,2020,春番,20,4.2,100,濁川敦,タツノコプロ・日本アニメーション,冒險,喜劇,闔家觀賞,,,,原創作品,新作,0,0
BUILD-DIVIDE -#000000- CODE BLACK,194000,16167,2021,秋番,12,3.9,600,駒田由貴,LIDENFILMS,超能力,科幻,競技,,,,原創作品,新作,0,2
在地下城尋求邂逅是否搞錯了什麼 第三季,4113000,316385,2020,秋番,13,4.8,5500,橘秀樹,J.C.STAFF,動作,冒險,奇幻,,,,小說改編,續作,2,32
我家的英雄,607000,50583,2023,春番,12,4.8,3900,龜井隆,手塚製作,親情,懸疑,黑暗,,,,漫畫改編,新作,0,5
屍體如山的死亡遊戲,2678000,133900,2023,春番,20,4.8,10100,小野學,GEEK TOYS,動作,冒險,異世界,血腥暴力,,,漫畫改編,續作,1,13
【我推的孩子】,7065000,642273,2023,春番,11,4.9,52600,平牧大輔,動畫工房 (DOGAKOBO),親情,偶像,懸疑,,,,漫畫改編,新作,3,64
擁有超常技能的異世界流浪美食家,3465000,288750,2023,冬番,12,4.9,22100,松田清,MAPPA,冒險,奇幻,異世界,料理,,,小說改編,新作,2,29
久保同學不放過我,1412000,117667,2023,冬番,12,4.9,12700,古賀一臣,PINE JAM,校園,戀愛,青春,,,,漫畫改編,新作,1,12
狩火之王,163000,16300,2023,冬番,10,4.7,900,西村純二,SIGNAL.MD,冒險,奇幻,,,,,小說改編,新作,0,2
被解僱的暗黑士兵（30多歲）開始了慢生活的第二人生,1403000,116917,2023,冬番,12,4.7,5300,追崎史敏,ENCOURAGE FILMS,冒險,奇幻,,,,,小說改編,新作,1,12
艦隊 Collection 總有一天，在那片海,14000,1750,2022,秋番,8,4.3,200,三浦和也,ENGI,機甲,歷史,戰爭,,,,遊戲改編,續作,0,0
絆之 Allele,103000,8583,2023,春番,12,4.2,1300,駒屋健一郎,WIT STUDIO×SIGNAL.MD,校園,偶像,音樂,,,,原創作品,新作,0,1
在地下城尋求邂逅是否搞錯了什麼 第四季,5268000,229043,2023,冬番,23,4.8,13100,橘秀樹,J.C.STAFF,動作,冒險,奇幻,,,,小說改編,續作,2,23
魔法使的新娘 第二季,1067000,50810,2023,春番,21,4.9,5100,寺澤和晃,STUDIO KAFKA,冒險,奇幻,魔法,戀愛,溫馨,,漫畫改編,續作,0,5
MIX 第二季 ~第二個夏天，邁向晴空~,170000,7083,2023,春番,24,4.6,600,神谷智大,OLM,校園,青春,勵志,運動,競技,,漫畫改編,續作,0,1
吸血鬼馬上死 第二季,467000,38917,2023,冬番,12,4.9,3000,神志那弘志,MADHOUSE,奇幻,喜劇,靈異神怪,,,,漫畫改編,續作,0,4
魔王學院的不適任者～史上最強的魔王始祖，轉生就讀子孫們的學校～第二季,1718000,143167,2023,冬番,12,4.6,6500,大沼心、田村正文,SILVER LINK.,冒險,奇幻,,,,,小說改編,續作,1,14
給不滅的你 第二季,931000,46550,2022,秋番,20,4.9,3700,佐山聖子,Drive,冒險,奇幻,感人,,,,漫畫改編,續作,0,5
尼爾：自動人形 Ver1.1a,1099000,91583,2023,冬番,12,4.9,7800,益山亮司,A-1 Pictures,動作,科幻,黑暗,,,,遊戲改編,新作,0,9
呆萌酷男孩,1190000,49583,2022,秋番,24,4.9,4700,今千秋,Studio Pierrot,喜劇,青春,悠閒,,,,漫畫改編,新作,0,5
她來自煩星,938000,40783,2022,秋番,23,4.9,4700,高橋秀彌、木村泰大,david production,喜劇,戀愛,,,,,漫畫改編,新作,0,4
我與機器子,1509000,53893,2022,秋番,28,4.9,5400,大地丙太郎,GALLOP,喜劇,泡麵番,,,,,漫畫改編,新作,0,5
藍色監獄,4921000,205042,2022,秋番,24,4.9,12300,渡邊徹明、石川俊介,8bit,動作,運動,競技,,,,漫畫改編,新作,2,21
夫婦以上，戀人未滿,1480000,123333,2022,秋番,12,4.8,8500,山元隼一,studio MOTHER,校園,戀愛,青春,,,,漫畫改編,新作,1,12
英雄王，為了窮盡武道而轉生～而後成為世界最強見習騎士♀～,1659000,138250,2023,冬番,12,4.4,7100,葛谷直行,STUDIO COMET,冒險,奇幻,,,,,小說改編,新作,1,14
妖幻三重奏,374000,31167,2023,冬番,12,4.8,2600,秋田谷典昭,CONNECT,校園,喜劇,戀愛,靈異神怪,,,漫畫改編,新作,0,3
路人超能 100 第三季,1942000,161833,2022,秋番,12,5.0,14000,立川讓、蓮井隆弘,BONES,動作,超能力,勵志,溫馨,感人,靈異神怪,漫畫改編,續作,1,16
MUV-LUV ALTERNATIVE 第二季,228000,19000,2022,秋番,12,4.5,900,西本由紀夫,FLAGSHIP LINE×夢太公司×Graphinica,科幻,機甲,戀愛,,,,遊戲改編,續作,0,2
物之古物奇譚,1261000,52542,2023,冬番,24,4.8,4900,木村隆一,BN Pictures,奇幻,靈異神怪,,,,,漫畫改編,續作,0,5
烙印勇士 黃金時代篇 MEMORIAL EDITION 年齡限制版,217000,16692,2022,秋番,13,4.7,1400,佐野雄太,STUDIO４℃,冒險,奇幻,戰爭,血腥暴力,黑暗,18禁,漫畫改編,續作,0,2
眾神眷顧的男人 2,971000,80917,2023,冬番,12,4.4,3300,柳瀨雄之,MAHO FILM,冒險,奇幻,,,,,小說改編,新作,0,8
Buddy Daddies 殺手奶爸,820000,63077,2023,冬番,13,4.9,5500,浅井義之,P.A.WORKS,動作,喜劇,溫馨,,,,原創作品,新作,0,6
聖劍傳說 Legend of Mana - The Teardrop Crystal -,158000,12154,2022,秋番,13,3.9,700,神保昌登,Graphinica、橫浜動畫研究所,冒險,奇幻,,,,,原創作品,新作,0,1
鏈鋸人,1219000,101583,2022,秋番,12,4.8,11600,中山龍,MAPPA,動作,血腥暴力,,,,,漫畫改編,新作,1,10
我想成為影之強者！,8684000,434200,2022,秋番,20,4.9,26000,中西和也,Nexus,動作,奇幻,異世界,魔法,校園,血腥暴力,小說改編,新作,3,43
我的英雄學院 第六季,3882000,155280,2022,秋番,25,4.8,9000,長崎健司、向井雅浩,BONES,動作,超能力,校園,勵志,,,漫畫改編,續作,1,16
孤獨搖滾！,7579000,631583,2022,秋番,12,5.0,44800,齋藤圭一郎,CloverWorks,校園,喜劇,青春,勵志,音樂,,漫畫改編,新作,3,63
PUI PUI 天竺鼠車車 駕訓班篇,385000,32083,2022,秋番,12,4.8,2500,小野花,新銳動畫、Japan Green Hearts,喜劇,溫馨,悠閒,闔家觀賞,泡麵番,,原創作品,續作,0,3
銀砂糖師與黑妖精～sugar apple fairy tale～,1044000,43500,2023,冬番,24,4.6,4200,鈴木洋平,J.C.STAFF,冒險,奇幻,戀愛,,,,小說改編,續作,0,4
冰屬性男子與無表情女子,1038000,86500,2023,冬番,12,4.9,7700,萬球,ZERO-G×Liber,奇幻,戀愛,職場,,,,漫畫改編,新作,0,9
TRIGUN STAMPEDE,577000,48083,2023,冬番,12,4.9,3900,武藤健司,Orange,動作,冒險,科幻,,,,漫畫改編,續作,0,5
鍵等 第二季,148000,12333,2022,春番,12,4.8,800,坂本一也,LIDENFILMS 京都 Studio,校園,喜劇,泡麵番,,,,遊戲改編,續作,0,1
新網球王子 U-17 世界盃,260000,20000,2022,夏番,13,4.0,600,川口敬一郎,Studio KAI,超能力,校園,青春,運動,競技,,漫畫改編,續作,0,2
奇米萌 CHIMIMO,83000,6917,2022,夏番,12,4.9,700,ぴのあると,新銳動畫,喜劇,溫馨,悠閒,,,,原創作品,新作,0,1
憂國的莫里亞蒂 OVA,52000,26000,2022,春番,2,4.9,800,,Production I.G,推理,懸疑,,,,,漫畫改編,續作,0,3
輝夜姬想讓人告白 ー超級浪漫ー,5299000,407615,2022,春番,13,5.0,26900,畠山守,A-1 Pictures,校園,喜劇,戀愛,,,,漫畫改編,續作,3,41
式守同學不只可愛而已,2576000,184000,2022,春番,14,4.8,13100,伊藤良太,動画工房,校園,戀愛,,,,,漫畫改編,新作,1,18
歡迎來到實力至上主義的教室 第二季,4060000,312308,2022,夏番,13,4.6,12700,岸誠二、橋本裕之、仁昌寺義人,Lerche,校園,懸疑,黑暗,,,,小說改編,續作,2,31
關於我在無意間被隔壁的天使變成廢柴這件事,2380000,198333,2023,冬番,12,4.7,13200,王麗花,project No.9,校園,戀愛,溫馨,,,,小說改編,新作,2,20
轉生公主與天才千金的魔法革命,2033000,169417,2023,冬番,12,4.9,15400,玉木慎吾,diomedéa,冒險,奇幻,異世界,戀愛,GL,,小說改編,新作,1,17
不當哥哥了！,1618000,134833,2023,冬番,12,4.9,11000,藤井慎吾,Studio Bind,校園,喜劇,親情,,,,漫畫改編,新作,1,13
不要欺負我，長瀞同學 2nd Attack,673000,56083,2023,冬番,12,4.9,4500,後信治,OLM,校園,喜劇,戀愛,青春,,,漫畫改編,續作,0,6
女忍者椿的心事,881000,67769,2022,春番,13,4.9,5300,角地拓大,CloverWorks,動作,校園,喜劇,戀愛,,,漫畫改編,新作,0,7
愛在征服世界後,1247000,103917,2022,春番,12,4.9,7700,いわたかずや,project No.9,動作,喜劇,戀愛,特攝,,,漫畫改編,新作,1,10
這個僧侶有夠煩,772000,64333,2022,春番,12,4.4,6200,中西伸彰,壽門堂,冒險,奇幻,魔法,喜劇,,,漫畫改編,新作,0,6
境界戰機 第二部,187000,15583,2022,春番,12,4.1,500,羽原信義,BANDAI SPIRITS、SUNRISE BEYOND,科幻,機甲,,,,,原創作品,續作,0,2
冰冰冰 冰淇淋君 第二季,15000,1250,2022,夏番,12,3.4,100,松村樹里亜,新銳動畫,溫馨,闔家觀賞,,,,,原創作品,續作,0,0
SPY×FAMILY 間諜家家酒,17603000,704120,2022,春番,25,4.9,52700,古橋一浩,WIT STUDIO×CloverWorks,動作,喜劇,親情,,,,漫畫改編,續作,3,70
出租女友 第二季,1432000,119333,2022,夏番,12,4.6,6700,古賀一臣,TMS Entertainment,喜劇,戀愛,青春,,,,漫畫改編,續作,1,12
杜鵑婚約,2512000,54609,2022,春番,46,4.8,6700,赤城博昭,新銳動畫 Synergy SP,校園,戀愛,青春,,,,漫畫改編,新作,0,5
Lycoris Recoil 莉可麗絲,6219000,478385,2022,夏番,13,4.9,36400,足立慎吾,A-1 Pictures,動作,科幻,,,,,原創作品,新作,3,48
OVERLORD 第四季,4503000,346385,2022,夏番,13,4.9,14700,伊藤尚往,MADHOUSE,冒險,奇幻,異世界,魔法,,,小說改編,續作,2,35
異世界迷宮裡的後宮生活,1179000,98250,2022,夏番,12,4.2,4600,龍輪直征,パッショーネ,冒險,奇幻,異世界,,,,小說改編,新作,1,10
轉生賢者的異世界生活～取得第二職業，成為世界最強～,1503000,125250,2022,夏番,12,3.4,5600,小嶋慶祐,REVOROOT,冒險,奇幻,異世界,,,,小說改編,新作,1,13
史上最強大魔王轉生為村民 A,2246000,187167,2022,春番,12,3.3,8200,湊未來,SILVER LINK.×BLADE,冒險,奇幻,魔法,,,,小說改編,新作,1,19
新 忍者哈特利 第六季,28000,1077,2022,冬番,26,4.0,0,やすみ哲夫,Shambhoo S.Phaike,喜劇,悠閒,親情,闔家觀賞,,,漫畫改編,續作,0,0
新 忍者哈特利 第五季,29000,1115,2022,冬番,26,3.2,0,やすみ哲夫,Shambhoo S.Phaike,喜劇,悠閒,親情,闔家觀賞,,,漫畫改編,續作,0,0
BUILD-DIVIDE -#FFFFFF- CODE WHITE,83000,6917,2022,春番,12,4.4,400,駒田由貴,LIDENFILMS,超能力,科幻,競技,,,,原創作品,續作,0,1
異世界悠閒農家,2888000,240667,2023,冬番,12,4.9,13200,倉谷涼一,ZERO-G,異世界,魔法,悠閒,,,,小說改編,新作,2,24
小智是女孩啦！,1293000,99462,2023,冬番,13,4.9,7500,難波日登志,Lay-duce,校園,戀愛,,,,,漫畫改編,新作,1,10
萬事屋齋藤先生轉生異世界,432000,36000,2023,冬番,12,4.9,3300,窪岡俊之,C2C,冒險,奇幻,異世界,,,,漫畫改編,新作,0,4
小鳥之翼,272000,20923,2022,春番,13,4.8,1500,稻垣隆行,BN Pictures,運動,競技,,,,,原創作品,新作,0,2
群青的開幕曲,146000,11231,2022,春番,13,4.3,800,加藤誠,Lay-duce,校園,競技,,,,,原創作品,新作,0,1
勇者、辭職不幹了,2548000,212333,2022,春番,12,4.7,11200,信田ユウ、石井久志,EMT Squared,動作,冒險,奇幻,,,,小說改編,續作,2,21
Love Live！虹咲學園 學園偶像同好會 第二季,375000,28846,2022,春番,13,4.8,2300,公野櫻子,SUNRISE,校園,青春,勵志,偶像,音樂,,漫畫改編,續作,0,3
盾之勇者成名錄 Season 2,2280000,175385,2022,春番,13,3.8,7700,神保昌登,KINEMA CITRUS、DRMOVIE,冒險,奇幻,異世界,魔法,,,小說改編,續作,1,18
女性向遊戲世界對路人角色很不友好,1555000,129583,2022,春番,12,4.7,6100,三浦和也、福元しんいち,ENGI,奇幻,校園,戀愛,,,,小說改編,新作,1,13
處刑少女的生存之道,1228000,102333,2022,春番,12,4.7,6200,川崎芳樹,J.C.STAFF,動作,異世界,血腥暴力,,,,小說改編,新作,1,10
骸骨騎士大人異世界冒險中,3509000,292417,2022,春番,12,4.8,12700,小野勝巳,Studio KAI×HORNETS,動作,冒險,奇幻,異世界,,,小說改編,新作,2,29
魔法使黎明期,854000,71167,2022,春番,12,4.3,2800,桑原智,手塚プロダクション,奇幻,魔法,校園,,,,小說改編,新作,0,7
相合之物,899000,74917,2022,春番,12,4.9,6400,追崎史敏,ENCOURAGE FILMS,溫馨,悠閒,料理,親情,職場,,漫畫改編,新作,0,7
文豪野犬 第四季,165000,12692,2023,冬番,13,4.9,600,五十嵐卓哉,BONES,動作,超能力,,,,,漫畫改編,續作,0,1
間諜教室,1215000,50625,2023,冬番,24,4.3,6100,川口敬一郎,feel.,動作,校園,推理,,,,小說改編,續作,0,5
阿魯斯的巨獸,342000,28500,2023,冬番,12,4.5,2000,小黑晃,旭Production,冒險,奇幻,,,,,原創作品,新作,0,3
再得一勝！,174000,13385,2023,冬番,13,4.9,1500,荻原健,BAKKEN RECORD,青春,勵志,運動,競技,,,漫畫改編,新作,0,1
秘密內幕-女警的反擊,559000,43000,2022,冬番,13,4.9,3500,佐藤雄三,MADHOUSE,溫馨,職場,,,,,漫畫改編,新作,0,4
燒窯的話也要馬克杯 第二季,77000,3208,2021,秋番,24,4.6,300,神谷純,日本 Animation,校園,溫馨,,,,,漫畫改編,續作,0,0
最遊記 RELOAD -ZEROIN-,180000,13846,2022,冬番,13,4.6,700,高田美里,LIDENFILMS,動作,冒險,奇幻,靈異神怪,,,漫畫改編,續作,0,1
鬼滅之刃 遊郭篇,10212000,928364,2021,秋番,11,4.9,18000,外崎春雄,ufotable,動作,冒險,奇幻,血腥暴力,,,漫畫改編,續作,3,93
不相信人類的冒險者們好像要去拯救世界,995000,82917,2023,冬番,12,4.1,4200,伊魔崎齋,GEEK TOYS,冒險,奇幻,,,,,小說改編,新作,0,8
最強陰陽師的異世界轉生記,3032000,233231,2023,冬番,13,4.6,10000,澀谷亮介,Studio Blanc.,冒險,奇幻,,,,,小說改編,新作,2,23
冰劍的魔術師將要統一世界,1157000,96417,2023,冬番,12,3.3,5800,高田昌弘,CLOUD HEARTS,冒險,奇幻,,,,,小說改編,新作,1,10
D4DJ All Mix,124000,10333,2023,冬番,12,4.9,900,水島精二、鈴木大介,三次元,校園,青春,偶像,音樂,,,遊戲改編,續作,0,1
半妖的夜叉姬 第二季,958000,39917,2021,秋番,24,3.8,1100,菱田正和,SUNRISE,冒險,靈異神怪,,,,,漫畫改編,續作,0,4
HIGH CARD 至高之牌,41000,3417,2023,冬番,12,4.7,200,和田純一,雲雀工作室,動作,超能力,,,,,原創作品,新作,0,0
英雄傳說 閃之軌跡：北方戰役,194000,16167,2023,冬番,12,4.2,900,佐藤英一,龍之子製作,冒險,奇幻,戰爭,,,,遊戲改編,新作,0,2
UniteUp! 眾星齊聚,132000,11000,2023,冬番,12,4.8,900,牛嶋新一郎,CloverWorks,偶像,音樂,,,,,原創作品,新作,0,1
TechnoRoid 超越意志,77000,6417,2023,冬番,12,4.3,500,イムガヒ,動畫工房,科幻,偶像,音樂,,,,原創作品,新作,0,1
Love Live！虹咲學園 學園偶像同好會 短篇動畫,83000,6917,2023,冬番,12,4.8,1000,堀內勇治,SUNRISE,校園,青春,,,,,漫畫改編,新作,0,1
平凡職業造就世界最強 第二季,2381000,158733,2022,冬番,15,4.7,7000,岩永彰,asread.×studio MOTHER,動作,冒險,奇幻,異世界,魔法,,小說改編,續作,1,16
卡片戰鬥!! 先導者 overdress 第二季,37000,2846,2021,秋番,13,3.4,100,森賢,Kinema Citrus、ぎふとアニメーション、STUDIOJEMI,校園,競技,,,,,遊戲改編,續作,0,0
加油吧同期醬,939000,78250,2021,夏番,12,4.9,3400,古賀一臣,AtelierPontdarc,戀愛,職場,,,,,漫畫改編,新作,0,8
SELECTION PROJECT,276000,21231,2021,秋番,13,4.8,1700,平牧大輔,動畫工房,校園,青春,偶像,音樂,,,原創作品,新作,0,2
緋紅結繫,615000,23654,2021,春番,26,3.5,900,西村博之,SUNRISE,冒險,超能力,科幻,時間穿越,,,遊戲改編,新作,0,2
急戰 5 秒殊死鬥,1371000,114250,2021,夏番,12,4.2,2500,内藤明吾,SynergySP、ベガエンタテイメント,超能力,競技,血腥暴力,,,,漫畫改編,新作,1,11
川尻小玉的懶散生活,238000,9917,2022,冬番,24,4.6,1000,金子伸吾,Lapin Track,喜劇,泡麵番,,,,,漫畫改編,新作,0,1
擅長捉弄人的高木同學 第三季,1231000,102583,2022,冬番,12,5.0,10900,赤城博昭,シンエイ動画,校園,喜劇,戀愛,青春,,,漫畫改編,續作,1,10
結城友奈是勇者 大滿開之章,217000,18083,2021,秋番,12,4.8,1000,岸誠二,Studio 五組,冒險,魔法,校園,血腥暴力,,,原創作品,續作,0,2
我立於百萬生命之上 第二季,1115000,92917,2021,夏番,12,4.0,1800,羽原久美子,MAHO FILM,動作,冒險,奇幻,異世界,魔法,,漫畫改編,續作,0,9
機戰少女 Alice OVA,7277,2426,2021,夏番,3,4.4,100,花井宏和,NOMAD,科幻,機甲,喜劇,,,,遊戲改編,新作,0,0
幻想三國誌 — 天元靈心記,107000,8917,2022,冬番,12,3.4,700,町谷俊輔,GEEKTOYS,冒險,奇幻,,,,,遊戲改編,新作,0,1
白沙的 Aquatope,1132000,47167,2021,夏番,24,4.9,4900,篠原俊哉,P.A.WORKS,青春,勵志,職場,,,,原創作品,新作,0,5
Futsal Boys！！！！！,77000,6417,2022,冬番,12,2.9,400,ひいろゆきな,diomedéa,青春,運動,競技,,,,原創作品,新作,0,1
自稱賢者弟子的賢者,1330000,110833,2022,冬番,12,2.6,8000,元永慶太郎,studio A-CAT,冒險,奇幻,異世界,,,,小說改編,新作,1,11
戀上換裝娃娃,7591000,632583,2022,冬番,12,5.0,41200,篠原啓輔,CloverWorks,校園,戀愛,青春,,,,漫畫改編,新作,3,63
憂國的莫里亞蒂 第一季 後半,601000,46231,2021,冬番,13,4.9,2000,野村和也,Production I.G,推理,懸疑,,,,,漫畫改編,新作,0,5
持續狩獵史萊姆三百年，不知不覺就練到 LV MAX,2680000,223333,2021,春番,12,4.8,5200,木村延景,REVOROOT,冒險,奇幻,異世界,魔法,,,小說改編,新作,2,22
國高中一貫！！鬼滅學園物語,307000,43857,2021,冬番,7,4.2,600,外崎春雄,ufotable,校園,青春,闔家觀賞,泡麵番,,,漫畫改編,新作,0,4
變身成黑辣妹之後就和死黨上床了,622000,77750,2021,春番,8,3.6,900,ちょっこう,いらゐあす,戀愛,BL,泡麵番,,,,漫畫改編,新作,0,8
NOMAD MEGALOBOX 機甲拳擊 第二季,415000,31923,2021,春番,13,4.9,1700,森山洋,TMS Entertainment,機甲,運動,競技,,,,原創作品,新作,0,3
入間同學入魔了！第二季,4738000,225619,2021,春番,21,4.9,5700,森脇真琴,Bandai Namco Pictures,冒險,奇幻,校園,喜劇,靈異神怪,,漫畫改編,續作,2,23
異世界魔王與召喚少女的奴隸魔術 Ω,1405000,140500,2021,春番,10,4.6,2400,桑原智,手塚製作公司、Okuruto Noboru,冒險,奇幻,異世界,魔法,喜劇,,小說改編,續作,1,14
天才王子的赤字國家重生術,2427000,202250,2022,冬番,12,4.8,9300,玉川真人,橫濱動畫研究所,奇幻,喜劇,戰爭,,,,小說改編,新作,2,20
食鏽末世錄,707000,58917,2022,冬番,12,4.3,2900,碇谷敦,OZ,動作,冒險,,,,,小說改編,新作,0,6
與變成了異世界美少女的大叔一起冒險,1871000,155917,2022,冬番,12,4.9,8100,山井紗也香,OLM Team Yoshioka,冒險,奇幻,異世界,魔法,喜劇,,漫畫改編,新作,1,16
失格紋的最強賢者,1734000,144500,2022,冬番,12,3.1,6800,秋田谷典昭,J.C.STAFF,冒險,奇幻,魔法,,,,小說改編,新作,1,14
東京復仇者,4473000,178920,2021,冬番,25,4.4,4300,初見浩一,LIDENFILMS,動作,推理,懸疑,時間穿越,,,漫畫改編,續作,1,18
Fate/Grand Carnival,316000,158000,2021,春番,2,4.9,3200,岸 誠二,Lerche,奇幻,喜劇,,,,,遊戲改編,新作,1,16
搖曳露營△ 第二季,1685000,129615,2021,冬番,13,5.0,8100,京極義昭,C-Station,溫馨,悠閒,料理,闔家觀賞,,,漫畫改編,續作,1,13
工作細胞 第二季,1052000,131500,2021,冬番,8,4.8,1900,小倉宏文,david production,動作,喜劇,闔家觀賞,,,,漫畫改編,續作,1,13
無職轉生，到了異世界就拿出真本事,12968000,540333,2021,冬番,24,4.9,25800,岡本学,StudioBind,動作,冒險,奇幻,異世界,魔法,,小說改編,新作,3,54
突然降臨的埃及神,119000,11900,2020,秋番,10,4.9,500,菊池カツヤ,颱風グラフィックス,奇幻,喜劇,悠閒,闔家觀賞,,,漫畫改編,新作,0,1
工作細胞 Black,1676000,128923,2021,冬番,13,4.8,2600,山本秀世,LIDENFILMS,動作,喜劇,血腥暴力,黑暗,,,漫畫改編,新作,1,13
ICHU 偶像進行曲,80000,6667,2021,冬番,12,4.6,200,難波日登志,Lay-duce,校園,青春,偶像,音樂,,,遊戲改編,新作,0,1
Praeter 之傷,134000,10308,2021,冬番,13,3.6,200,鈴木信吾,GoHands,動作,,,,,,原創作品,新作,0,1
相愛相殺,633000,52750,2022,冬番,12,4.6,2400,大庭秀昭,Platinum Vision,動作,戀愛,職場,,,,漫畫改編,新作,0,5
白領羽球部,509000,42417,2022,冬番,12,4.8,2100,山内愛彌,LIDENFILMS,運動,職場,,,,,原創作品,新作,0,4
明日同學的水手服,1233000,102750,2022,冬番,12,4.9,10500,黑木美幸,CloverWorks,校園,青春,勵志,溫馨,,,漫畫改編,新作,1,10
怪人開發部的黑井津小姐,939000,78250,2022,冬番,12,4.8,5200,齋藤久,Quad,科幻,喜劇,職場,特攝,,,漫畫改編,新作,0,8
TRIBE NINE,186000,15500,2022,冬番,12,4.0,700,青木悠,LIDENFILMS,動作,科幻,運動,,,,原創作品,新作,0,2
佐佐木與宮野,749000,57615,2022,冬番,13,4.8,3500,石平信司,Studio DEEN,校園,青春,BL,,,,漫畫改編,新作,0,6
約定的夢幻島 第二季,1752000,146000,2021,冬番,12,3.4,3700,神戶守,CloverWorks,冒險,懸疑,黑暗,,,,漫畫改編,續作,1,15
廚神小當家 第二季,357000,29750,2021,冬番,12,2.4,400,川崎逸朗,NAS,料理,競技,,,,,漫畫改編,續作,0,3
大人的防具店 第二季,206000,17167,2021,冬番,12,4.1,400,山元隼一,IMAGICA Lab.,喜劇,職場,泡麵番,,,,漫畫改編,續作,0,2
Dr.STONE 新石紀 第二季,2552000,232000,2021,冬番,11,4.9,4300,飯野慎也,TMS Entertainment,動作,冒險,奇幻,科幻,勵志,,漫畫改編,續作,2,23
派對咖孔明,1212000,101000,2022,冬番,12,4.9,8200,本間修,P.A. WORKS,喜劇,勵志,音樂,時間穿越,,,漫畫改編,新作,1,10
薔薇王的葬列,158000,6320,2022,冬番,25,3.8,600,鈴木健太郎,J.C.STAFF,戀愛,歷史,戰爭,,,,漫畫改編,新作,0,1
少女前線,238000,19833,2022,冬番,12,4.3,1100,上田繁,旭プロダクション,動作,科幻,戰爭,,,,遊戲改編,新作,0,2
東京 24 區,220000,18333,2022,冬番,12,4.0,1000,津田尚克,CloverWorks,科幻,懸疑,,,,,漫畫改編,新作,0,2
東方少年,330000,27500,2022,冬番,12,3.9,900,柳澤哲也,A.C.G.T,動作,冒險,靈異神怪,,,,漫畫改編,新作,0,3
幼女社長,140000,9333,2021,冬番,15,4.7,400,いわたかずや,project No.9,喜劇,悠閒,職場,泡麵番,,,漫畫改編,新作,0,1
暮蟬悲鳴時 業,1914000,79750,2020,秋番,24,4.8,2900,川口敬一郎,Passione,推理,懸疑,血腥暴力,靈異神怪,黑暗,,遊戲改編,續作,0,8
WAVE!! ~來衝浪吧!!~,92000,7667,2020,秋番,12,3.6,200,尾崎隆晴,旭 Production,青春,勵志,運動,,,,原創作品,新作,0,1
擾亂 THE PRINCESS OF SNOW AND BLOOD,170000,14167,2021,冬番,12,4.0,400,工藤進,BAKKEN RECORD,動作,冒險,奇幻,,,,原創作品,新作,0,1
魔法水果籃 最終季,998000,76769,2021,冬番,13,4.9,2000,井端義秀,TMS Entertainment,奇幻,校園,戀愛,溫馨,親情,,漫畫改編,續作,0,8
我的英雄學院 第五季,5965000,238600,2021,冬番,25,4.8,4400,長崎健司、向井雅浩,BONES,動作,超能力,校園,勵志,,,漫畫改編,續作,2,24
BACK ARROW,668000,27833,2021,冬番,24,4.7,1500,谷口悟朗,Studio VOLN,動作,冒險,機甲,戰爭,,,原創作品,新作,0,3
闇芝居 第十季,84000,6462,2022,冬番,13,3.5,200,ILCA,ILCA,懸疑,靈異神怪,泡麵番,,,,原創作品,續作,0,1
終末的後宮 年齡限制版,1014000,92182,2022,冬番,11,4.3,2900,信田ユウ,Studio五組、AXsiZ,科幻,18禁,,,,,漫畫改編,新作,0,9
轉生成蜘蛛又怎樣！,7802000,325083,2021,冬番,24,4.0,7000,板垣伸,Millepensee,動作,冒險,奇幻,時間穿越,,,小說改編,新作,2,33
奇蛋物語 Wonder Egg Priority,796000,61231,2021,冬番,13,4.8,3000,若林信,CloverWorks,異世界,校園,黑暗,,,,原創作品,新作,0,6
織田肉桂信長,617000,51417,2020,冬番,12,4.7,1000,高橋英俊,Studio Signpost,喜劇,悠閒,闔家觀賞,,,,漫畫改編,新作,0,5
A3!,305000,12708,2020,冬番,24,4.7,500,篠原啓輔,P.A.WORKS×Studio 3Hz,青春,勵志,音樂,,,,遊戲改編,續作,0,1
怪物事變,1799000,149917,2021,冬番,12,4.9,3700,藤森雅也,亞細亞堂,動作,冒險,靈異神怪,,,,漫畫改編,新作,1,15
比方說，這是個出身魔王關附近的少年在新手村生活的故事,2441000,203417,2021,冬番,12,4.3,3100,migmi,LIDENFILMS,冒險,奇幻,魔法,,,,小說改編,新作,2,20
SK8 the Infinity,1559000,129917,2021,冬番,12,4.9,3800,内海紘子,BONES,動作,青春,運動,競技,,,原創作品,新作,1,13
GIBIATE 獵魔武士,290000,22308,2020,夏番,13,1.8,700,小美野雅彥,ランチ・BOX×スタジオエル,動作,冒險,靈異神怪,,,,原創作品,新作,0,2
淘氣貓 2020：家有圓圓？！我家的圓圓你知道嗎～,192000,17455,2020,冬番,11,4.9,600,松田清,MAPPA、Lapintrack,溫馨,闔家觀賞,,,,,原創作品,新作,0,2
Re：從零開始的異世界生活 第二季,11739000,469560,2020,夏番,25,4.9,14400,渡邊政治,WHITE FOX,動作,冒險,奇幻,異世界,魔法,,小說改編,續作,3,47
魔法律事務所 第二季,250000,20833,2020,夏番,12,4.6,300,近藤信宏,STUDIO DEEN,奇幻,魔法,靈異神怪,,,,漫畫改編,續作,0,2
裏世界遠足,564000,47000,2021,冬番,12,4.5,1500,佐藤卓哉,LIDENFILMS、FelixFilm,冒險,異世界,懸疑,靈異神怪,,,小說改編,新作,0,5
2.43 清陰高中男子排球社,363000,30250,2021,冬番,12,4.0,500,木村泰大,david production,校園,青春,運動,,,,小說改編,新作,0,3
怪病醫拉姆尼,578000,48167,2021,冬番,12,4.7,1200,大庭秀昭,Platinum Vision,奇幻,喜劇,懸疑,,,,漫畫改編,新作,0,5
天地創造設計部,877000,67462,2021,冬番,13,4.8,2200,增井壯一,旭Production,超能力,喜劇,職場,,,,漫畫改編,新作,0,7
蒼之騎士團,300000,25000,2021,冬番,12,4.1,400,西片康人,LIDENFILMS,冒險,奇幻,,,,,遊戲改編,新作,0,2
非槍人生 NO GUNS LIFE 第二季,351000,29250,2020,夏番,12,4.6,500,伊藤尚往,MADHOUSE,動作,科幻,,,,,漫畫改編,續作,0,3
憂國的莫里亞蒂 第一季,876000,79636,2020,夏番,11,4.9,2200,野村和也,Production I.G,推理,懸疑,,,,,漫畫改編,新作,0,8
EX-ARM,99000,8250,2021,冬番,12,1.5,1000,木村好克,ビジュアルフライト,動作,科幻,,,,,漫畫改編,新作,0,1
舞伎家的料理人,248000,20667,2021,冬番,12,4.9,1100,鈴木洋平,J.C.STAFF,溫馨,料理,闔家觀賞,,,,漫畫改編,新作,0,2
魔術士歐菲 流浪之旅 基姆拉克篇,119000,10818,2021,冬番,11,3.6,200,濱名孝行,STUDIO DEEN,冒險,奇幻,,,,,小說改編,續作,0,1
PUI PUI 天竺鼠車車,2110000,87917,2021,冬番,24,4.8,5800,見里朝希,新銳動畫、Green-hearts,喜劇,溫馨,悠閒,泡麵番,闔家觀賞,,原創作品,續作,0,9
堀與宮村,5394000,414923,2021,冬番,13,4.9,15400,石濱真史,CloverWorks,校園,戀愛,青春,,,,漫畫改編,續作,3,41
成群結伴！西頓學園,962000,80167,2020,冬番,12,4.8,2200,博史池畠,Studio 五組,校園,喜劇,,,,,漫畫改編,新作,0,8
轉生成女性向遊戲只有毀滅 END 的壞人大小姐,2109000,175750,2020,春番,12,4.9,4700,井上圭介,SILVER LINK.,異世界,喜劇,戀愛,,,,小說改編,新作,1,18
遊戲王! SEVENS,14000,280,2020,春番,50,4.3,100,近藤信宏,Bridge,勵志,競技,闔家觀賞,,,,漫畫改編,新作,0,0
棒球大聯盟 2nd 第二季,857000,34280,2020,春番,25,4.8,500,渡邊步,OLM,青春,運動,競技,闔家觀賞,,,漫畫改編,續作,0,3
排球少年！！第四季,4012000,308615,2020,冬番,13,4.9,5100,佐藤雅子,Production I.G,校園,勵志,運動,,,,漫畫改編,續作,2,31
IDOLiSH7 - 偶像星願 - Second BEAT！,557000,37133,2020,春番,15,4.9,1200,別所誠人,TROYCA,偶像,音樂,,,,,遊戲改編,續作,0,4
白貓 Project Zero Chronicle 零之紀元,528000,44000,2020,春番,12,3.8,800,神保昌登,Project No.9,冒險,奇幻,魔法,,,,遊戲改編,新作,0,4
天地無用！魎皇鬼 第 5 期,103000,17167,2020,冬番,6,4.8,200,梶島正樹、元永慶太郎,AIC,科幻,戀愛,,,,,原創作品,續作,0,2
異世界四重奏 第二季,1326000,110500,2020,冬番,12,4.9,2600,芦名みのる,STUDIO PUYUKAI,校園,喜劇,,,,,原創作品,續作,1,11
座敷童子塌塌米醬,78000,6500,2020,春番,12,4.2,200,押切蓮介,ZERO-G,喜劇,靈異神怪,泡麵番,,,,原創作品,新作,0,1
小書痴的下剋上：為了成為圖書管理員不擇手段！第二季,1430000,119167,2020,春番,12,4.9,3100,本郷みつる,亞細亞堂,奇幻,異世界,勵志,,,,小說改編,續作,1,12
魔法水果籃 第二季,1927000,77080,2020,春番,25,4.9,2000,井端義秀,TMS Entertainment,奇幻,校園,戀愛,溫馨,親情,,漫畫改編,續作,0,8
放學後堤防日誌,805000,67083,2020,春番,12,4.9,2400,大隈孝晴,動画工房,校園,喜劇,青春,闔家觀賞,,,漫畫改編,新作,0,7
隱瞞之事,1579000,131583,2020,春番,12,4.9,6400,村野佑太,亞細亞堂,溫馨,親情,感人,職場,,,漫畫改編,新作,1,13
昨日之歌,927000,51500,2020,春番,18,4.7,2200,藤原佳幸,動畫工房,戀愛,青春,,,,,漫畫改編,新作,0,5
BanG Dream！第三季,756000,58154,2020,冬番,13,4.9,2200,柿本広大,三次元,青春,勵志,音樂,,,,原創作品,續作,0,6
富豪刑警 Balance: UNLIMITED,1338000,121636,2020,春番,11,4.8,3800,伊藤智彥,CloverWorks,動作,職場,懸疑,,,,小說改編,新作,1,12
食戟之靈 豪之皿,1807000,139000,2020,春番,13,4.6,1500,米谷良知,J.C.STAFF,校園,料理,,,,,漫畫改編,續作,1,14
闇芝居 第八季,127000,9769,2021,冬番,13,2.8,300,ILCA,ILCA,懸疑,靈異神怪,泡麵番,,,,原創作品,續作,0,1
貓娘樂園,1022000,85167,2020,冬番,12,4.8,2700,山本靖貴,FelixFilm,溫馨,職場,,,,,遊戲改編,新作,0,9
繼怪怪守護神,897000,74750,2020,春番,12,4.9,2000,倉谷涼一,ZERO-G,校園,靈異神怪,,,,,漫畫改編,新作,0,7
22/7,454000,34923,2020,冬番,13,4.5,1100,阿保孝雄,A-1 Pictures,勵志,偶像,音樂,,,,原創作品,新作,0,3
請在伸展台上微笑,678000,56500,2020,冬番,12,4.9,2100,長山延好,Ezo'la,勵志,職場,,,,,漫畫改編,新作,0,6
虛構推理,1622000,135167,2020,冬番,12,4.7,3800,後藤圭二,Brain's Base,超能力,推理,靈異神怪,,,,小說改編,續作,1,14
王者天下 第四季,1179000,45346,2022,春番,26,4.8,1900,今泉賢一,St.Signpost,歷史,戰爭,,,,,漫畫改編,續作,0,5
魔王學院的不適任者～史上最強的魔王始祖，轉生就讀子孫們的學校～,6399000,492231,2020,夏番,13,4.7,9500,大沼心、田村正文,SILVER LINK.,奇幻,異世界,魔法,校園,,,小說改編,續作,3,49
魔法紀錄 魔法少女小圓外傳 第二季,378000,29077,2021,夏番,13,4.4,1200,劇団イヌカレー（泥犬）、宮本幸裕,SHAFT,冒險,奇幻,魔法,黑暗,,,遊戲改編,續作,0,3
強襲魔女 通往柏林之路,372000,31000,2020,秋番,12,4.9,1000,高村和宏,david production,魔法,科幻,戰爭,,,,原創作品,續作,0,3
入間同學入魔了！第三季,2209000,105190,2022,秋番,21,4.9,7200,森脇真琴,Bandai Namco Pictures,冒險,奇幻,校園,喜劇,靈異神怪,,漫畫改編,續作,1,11
達爾文遊戲,3708000,285231,2020,冬番,13,4.8,5700,德本善信,Nexus,動作,超能力,競技,懸疑,血腥暴力,,漫畫改編,新作,2,29
戀愛中的小行星,581000,44692,2020,冬番,13,4.9,2500,平牧大輔,動画工房,校園,青春,,,,,漫畫改編,新作,0,4
別對映像研出手！,970000,80833,2020,冬番,12,4.9,4500,湯淺政明,SCIENCE SARU INC.,校園,青春,職場,,,,漫畫改編,新作,0,8
神推偶像登上武道館我就死而無憾,643000,53583,2020,冬番,12,4.9,2300,山本裕介,8bit,勵志,偶像,職場,,,,漫畫改編,新作,0,5
地縛少年花子君,1751000,145917,2020,冬番,12,4.9,2900,安藤正臣,Lerche,校園,靈異神怪,,,,,漫畫改編,新作,1,15
索瑪麗與森林之神,1021000,85083,2020,冬番,12,4.9,3700,安田賢司,SATELIGHT,冒險,奇幻,溫馨,,,,漫畫改編,新作,0,9
卡片戰鬥!! 先導者 overdress,78000,6500,2021,春番,12,4.0,100,森賢,Kinema Citrus、ぎふとアニメーション、STUDIOJEMI,校園,競技,闔家觀賞,,,,遊戲改編,續作,0,1
Love All Play,272000,11333,2022,春番,24,3.7,700,竹內浩志,日本アニメーション、OLM,校園,青春,運動,競技,,,漫畫改編,新作,0,1
花樣滑冰 Stars,176000,14667,2020,秋番,12,3.6,300,谷口悟朗、福島利規,J.C.STAFF,運動,競技,偶像,,,,原創作品,新作,0,1
東方少年 第二季,188000,15667,2022,夏番,12,4.5,500,柳沢テツヤ,Ａ・Ｃ・Ｇ・Ｔ,動作,冒險,靈異神怪,,,,漫畫改編,續作,0,2
房間露營,862000,66308,2020,冬番,13,4.9,3400,神保昌登,C-Station,喜劇,溫馨,泡麵番,闔家觀賞,,,漫畫改編,新作,0,7
怕痛的我，把防禦力點滿就對了 第二季,2673000,222750,2023,冬番,12,4.8,11500,大沼心,SILVER LINK.,冒險,奇幻,喜劇,,,,小說改編,續作,2,22
搖滾少女!! 活力棉花糖!!,119000,9917,2020,冬番,12,4.8,400,孫承希,Kinema Citrus,青春,偶像,音樂,,,,遊戲改編,續作,0,1
寶石商人理察的謎鑑定,478000,39833,2020,冬番,12,4.7,1000,岩崎太郎,朱夏,職場,推理,,,,,小說改編,新作,0,4
number24,324000,24923,2020,冬番,13,4.7,700,きみやしげる,ピー・アール・エー,青春,運動,競技,,,,原創作品,新作,0,2
關於我轉生變成史萊姆這檔事 第二季,16078000,618385,2021,冬番,26,4.8,14100,中山敦史,8bit,冒險,奇幻,異世界,魔法,喜劇,,小說改編,續作,3,62
虛構推理 第二季,873000,72750,2023,冬番,12,4.9,4700,後藤圭二,Brain's Base,超能力,推理,靈異神怪,,,,小說改編,續作,0,7
卡片戰鬥!! 先導者 will+Dress 第二季,24000,2000,2023,冬番,12,3.5,100,森賢、鈴木龍太郎,Kinema Citrus、岐阜Animation、STUDIO JEMI,運動,競技,,,,,遊戲改編,續作,0,0
搖滾少女!! STARS!!,80000,6667,2021,冬番,12,4.8,200,池添隆博,Kinema Citrus,青春,偶像,音樂,,,,遊戲改編,續作,0,1
小書痴的下剋上：為了成為圖書管理員不擇手段！第三季,835000,69583,2022,冬番,12,4.9,3300,本郷みつる,亞細亞堂,奇幻,異世界,勵志,,,,小說改編,續作,0,7
魔法紀錄 魔法少女小圓外傳,872000,67077,2020,冬番,13,4.7,1500,劇団イヌカレー（泥犬）、宮本幸裕,SHAFT,冒險,奇幻,魔法,黑暗,,,遊戲改編,續作,0,7
魔術士歐菲 流浪之旅,521000,37214,2020,冬番,14,3.2,500,濱名孝行,STUDIO DEEN,冒險,奇幻,,,,,小說改編,續作,0,4
卡片戰鬥!! 先導者 will+Dress,39000,3000,2022,夏番,13,3.8,200,森賢,Kinema Citrus、ぎふとアニメーション、STUDIO JEMI,校園,競技,,,,,遊戲改編,續作,0,0
怕痛的我，把防禦力點滿就對了,6391000,532583,2020,冬番,12,4.8,9400,大沼心、湊未來,SILVER LINK.,冒險,奇幻,喜劇,,,,小說改編,續作,3,53
ARGONAVIS from BanG Dream！,157000,12077,2020,春番,13,4.5,400,錦織博,SANZIGEN,青春,勵志,音樂,,,,原創作品,續作,0,1
我的英雄學院 OVA：活下來！殊死的生存訓練,352000,176000,2020,夏番,2,4.8,1000,長崎健司、向井雅浩,BONES,動作,超能力,校園,勵志,,,漫畫改編,續作,1,18
〈Infinite Dendrogram〉-無盡連鎖-,1496000,115077,2020,冬番,13,4.0,1500,小林智樹,NAZ,動作,冒險,奇幻,,,,小說改編,新作,1,12
無意間變成狗，被喜歡的女生撿回家。 年齡限制版,957000,68357,2023,冬番,14,4.6,4200,安藤貴史,Quad,戀愛,18禁,,,,,漫畫改編,新作,0,7
異種族風俗娘評鑑指南 年齡限制版,3078000,256500,2020,冬番,12,4.8,9100,小川優樹,Passione,奇幻,異世界,喜劇,18禁,,,漫畫改編,新作,2,26
魔術士歐菲 流浪之旅 阿邦拉馬篇,67000,5583,2023,冬番,12,3.7,300,濱名孝行,Studio DEEN,冒險,奇幻,,,,,小說改編,續作,0,1
進擊的巨人 The Final Season,17210000,593448,2020,秋番,29,4.9,24800,林祐一郎,MAPPA,動作,冒險,戰爭,血腥暴力,,,原創作品,新作,3,59
第二次被異世界召喚,950000,79167,2023,春番,12,3.3,4200,中西基樹,Studio Elle,冒險,奇幻,異世界,喜劇,,,小說改編,新作,0,8
輝夜姬想讓人告白－永不結束的初吻－,788000,197000,2023,春番,4,5.0,11200,畠山守,A-1 Pictures,校園,喜劇,戀愛,,,,漫畫改編,續作,2,20
為美好的世界獻上爆焰！,2483000,206917,2023,春番,12,4.9,18500,安部祐二郎,Drive,奇幻,魔法,校園,喜劇,,,小說改編,續作,2,21
藍色管弦樂,243000,10125,2023,春番,24,4.8,1000,岸誠二,日本動畫公司,校園,青春,音樂,,,,漫畫改編,新作,0,1
肌肉魔法使-MASHLE-,3603000,277154,2023,春番,13,4.8,13300,田中智也,A-1 Pictures,奇幻,魔法,校園,喜劇,,,漫畫改編,新作,2,28
勇者死了！,1320000,110000,2023,春番,12,4.7,5700,久城凜音,LIDENFILMS,冒險,奇幻,喜劇,,,,漫畫改編,新作,1,11
和山田談場 Lv999 的戀愛,2895000,222692,2023,春番,13,4.9,15400,淺香守生,MADHOUSE,喜劇,戀愛,,,,,漫畫改編,新作,2,22
我內心的糟糕念頭,2304000,192000,2023,春番,12,4.9,18800,赤城博昭,新銳動畫,校園,喜劇,戀愛,,,,漫畫改編,新作,1,19
百合是我的工作！,303000,25250,2023,春番,12,4.6,2200,三瓶聖,Passione×Studio Lings,喜劇,戀愛,,,,,漫畫改編,新作,0,3
放學後失眠的你,467000,35923,2023,春番,13,4.9,4500,池田由紀,LIDENFILMS,校園,戀愛,青春,,,,漫畫改編,新作,0,4
Re：從零開始的異世界生活 新編集版,3301000,126962,2020,冬番,26,4.9,3900,渡邊政治,WHITE FOX,動作,冒險,奇幻,異世界,魔法,,小說改編,續作,1,13
無神世界的神明活動,2496000,208000,2023,春番,12,4.9,14900,稻葉友紀,studio Palette,冒險,奇幻,,,,,漫畫改編,新作,2,21
鬼滅之刃 無限列車篇,2058000,294000,2021,秋番,7,4.7,6100,外崎春雄,ufotable,動作,冒險,奇幻,血腥暴力,,,漫畫改編,續作,2,29
獻祭公主與獸王,407000,16958,2023,春番,24,4.9,2100,今千秋,J.C.STAFF,奇幻,戀愛,,,,,漫畫改編,新作,0,2
帶著智慧型手機闖蕩異世界。2,918000,76500,2023,春番,12,3.8,5700,岩崎良明,J.C.STAFF,冒險,奇幻,異世界,,,,小說改編,續作,0,8
在異世界獲得超強能力的我，在現實世界照樣無敵～等級提升改變人生命運～,2984000,229538,2023,春番,13,3.6,15700,田邊慎吾,Millepensee,冒險,奇幻,異世界,超能力,,,小說改編,新作,2,23
江戶前精靈,919000,76583,2023,春番,12,4.9,7400,安齋剛文,C2C,喜劇,歷史,,,,,漫畫改編,新作,0,8
熊熊勇闖異世界 PUNCH！,829000,69083,2023,春番,12,4.7,4700,信田悠,EMT Squared,動作,冒險,奇幻,異世界,,,小說改編,續作,0,7
躍動青春,192000,16000,2023,春番,12,5.0,2400,出合小都美,P.A.WORKS,校園,喜劇,青春,,,,漫畫改編,新作,0,2
鄰人似銀河,524000,43667,2023,春番,12,4.8,4000,木村隆一,旭Production,戀愛,溫馨,,,,,漫畫改編,新作,0,4
國王排名 勇氣的寶箱,303000,30300,2023,春番,10,4.5,2000,八田洋介,WIT STUDIO,冒險,奇幻,勵志,溫馨,,,漫畫改編,續作,0,3
魔法少女毀滅者,10000,833,2023,春番,12,3.1,100,博史池畠,Bibury Animation Studios,冒險,奇幻,喜劇,,,,原創作品,新作,0,0
Dr.STONE 新石紀 第三季,1950000,102632,2023,春番,19,4.9,7100,松下周平,TMS Entertainment,動作,冒險,奇幻,科幻,勵志,,漫畫改編,續作,1,10
六道的惡女們,265000,22083,2023,春番,12,4.7,1500,齊藤啓也,SATELIGHT,校園,戀愛,青春,,,,漫畫改編,新作,0,2
轉生貴族的異世界冒險錄～不知自重的眾神使徒～,1989000,165750,2023,春番,12,3.9,9000,中村憲由,EMT Squared×Magic Bus,冒險,奇幻,異世界,,,,小說改編,新作,1,17
她去公爵家的理由,613000,51083,2023,春番,12,4.6,2500,山元隼一,颱風Graphics,異世界,戀愛,推理,,,,小說改編,新作,0,5
Opus.COLORs 色彩高校星,54000,4500,2023,春番,12,4.3,400,多田俊介,C-Station,科幻,校園,青春,音樂,,,原創作品,新作,0,0
魔術士歐菲 流浪之旅 聖域篇,37000,3083,2023,春番,12,3.2,200,濱名孝行,Studio DEEN,冒險,奇幻,,,,,小說改編,續作,0,0
聖女魔力無所不能,1845000,153750,2021,春番,12,4.7,3100,井畑翔太,diomedéa,異世界,魔法,戀愛,,,,小說改編,續作,1,15
不要欺負我，長瀞同學,1756000,146333,2021,春番,12,4.8,5200,花井宏和,Telecom Animation Film,校園,喜劇,戀愛,青春,,,漫畫改編,續作,1,15
燒窯的話也要馬克杯,192000,8000,2021,春番,24,4.6,400,神谷純,日本 Animation,校園,溫馨,闔家觀賞,,,,漫畫改編,續作,0,1
佐賀偶像是傳奇 捲土重來,2188000,182333,2021,春番,12,5.0,10300,境宗久,MAPPA,喜劇,勵志,偶像,音樂,,,原創作品,續作,1,18
刮掉鬍子的我與撿到的女高中生,3964000,304923,2021,春番,13,4.6,8900,上北學,project No.9,戀愛,溫馨,,,,,小說改編,新作,2,30
BLUE REFLECTION : 澪,149000,6208,2021,春番,24,4.0,300,吉田りさこ,J.C.STAFF,動作,魔法,校園,GL,,,漫畫改編,新作,0,1
青梅竹馬絕對不會輸的戀愛喜劇,1366000,113833,2021,春番,12,3.5,3800,直谷たかし,動画工房,校園,喜劇,戀愛,,,,小說改編,新作,1,11
給不滅的你,2583000,129150,2021,春番,20,4.9,5600,村田雅彥,Brain's Base,冒險,奇幻,感人,,,,漫畫改編,續作,1,13
Vivy -Fluorite Eye's Song-,4844000,346000,2021,春番,14,4.9,20100,江崎慎平,WIT STUDIO,動作,科幻,音樂,,,,原創作品,新作,2,35
戰鬥員派遣中！,2447000,203917,2021,春番,12,4.8,5100,赤城博昭,J.C.STAFF,動作,冒險,奇幻,喜劇,,,小說改編,新作,2,20
義呆利 World Stars,298000,19867,2021,春番,15,4.8,700,わたなべひろし,STUDIO DEEN,喜劇,溫馨,歷史,泡麵番,闔家觀賞,,原創作品,新作,0,2
真白之音,467000,38917,2021,春番,12,4.8,1400,赤城博昭,新銳動畫,校園,競技,音樂,,,,漫畫改編,新作,0,4
奇巧計程車,2268000,174462,2021,春番,13,4.9,7800,木下麥,P.I.C.S. × OLM,推理,懸疑,,,,,原創作品,新作,1,17
冰冰冰 冰淇淋君,48000,4000,2021,春番,12,4.1,100,,新銳動畫,溫馨,闔家觀賞,,,,,原創作品,續作,0,0
本田小狼與我,859000,71583,2021,春番,12,4.7,2900,藤井俊郎,Studio KAI,校園,青春,溫馨,,,,小說改編,新作,0,7
美麗新世界 The Animation,124000,10333,2021,春番,12,3.9,300,市川量也,DOMERICA × SHIN-EI ANIMATION,動作,,,,,,原創作品,新作,0,1
86－不存在的戰區－,10695000,411346,2021,春番,26,5.0,36300,石井俊匡,A-1 Pictures,動作,科幻,機甲,戰爭,,,小說改編,續作,3,41
灼熱卡巴迪,295000,24583,2021,春番,12,4.7,600,市川量也,TMS Entertainment,青春,運動,競技,,,,漫畫改編,新作,0,2
後空翻少年!!,379000,31583,2021,春番,12,4.9,1500,黑柳トシマサ,ZEXCS,青春,勵志,運動,競技,,,原創作品,新作,0,3
SHADOWS HOUSE-影宅-,1582000,121692,2021,春番,13,4.9,5100,大橋一輝,CloverWorks,奇幻,懸疑,,,,,漫畫改編,續作,1,12
七騎士：革命 -英雄的繼承者-,245000,20417,2021,春番,12,4.0,300,市川量也,LIDENFILMS、domerica,動作,冒險,奇幻,,,,遊戲改編,新作,0,2
轉生史萊姆日記 關於我轉生變成史萊姆這檔事,2965000,247083,2021,春番,12,4.9,5600,生原雄次,8bit,異世界,魔法,喜劇,,,,小說改編,續作,2,25
輝夜姬想讓人告白～天才們的戀愛頭腦戰～ 第二季,9306000,775500,2020,春番,12,5.0,20200,畠山守,A-1 Pictures,校園,喜劇,戀愛,,,,漫畫改編,續作,3,78
別冊奧林匹克之環,788000,32833,2020,春番,24,4.8,2000,藤井亮,のびしろラボ,喜劇,歷史,泡麵番,,,,漫畫改編,新作,0,3
啄木鳥偵探社,117000,9750,2020,春番,12,4.5,300,江崎慎平,LIDENFILMS,推理,懸疑,,,,,小說改編,新作,0,1
天晴爛漫！,586000,45077,2020,春番,13,4.8,1700,橋本昌和,P.A. WORKS,動作,冒險,科幻,競技,,,原創作品,新作,0,5
卡片戰鬥!! 先導者 外傳 -if-,75000,3000,2020,春番,25,3.9,100,川崎逸朗,OLM Team Abe,校園,競技,闔家觀賞,,,,遊戲改編,續作,0,0
格萊普尼爾,2294000,176462,2020,春番,13,4.6,3200,米田和弘,PINE JAM,動作,超能力,懸疑,血腥暴力,靈異神怪,,漫畫改編,新作,1,18
阿爾蒂,573000,47750,2020,春番,12,4.8,1400,濱名孝行,Seven Arcs,勵志,職場,,,,,漫畫改編,新作,0,5
新櫻花大戰,332000,27667,2020,春番,12,4.2,600,小野學,SANZIGEN,動作,科幻,機甲,,,,遊戲改編,新作,0,3
社長，戰鬥的時間到了！,547000,45583,2020,春番,12,2.7,1500,池下博紀,C2C,冒險,異世界,,,,,遊戲改編,新作,0,5
文豪與鍊金術師～審判的齒輪～,334000,25692,2020,春番,13,4.6,500,渡邊穩寬,OLM,冒險,奇幻,,,,,遊戲改編,新作,0,3
闇影詩章,829000,16255,2020,春番,51,2.5,1300,川口敬一郎,ZEXCS,科幻,校園,闔家觀賞,,,,遊戲改編,續作,0,2
神之塔 -Tower of God-,222000,17077,2020,春番,13,4.8,700,佐野隆史,Telecom Animation Film,冒險,奇幻,,,,,漫畫改編,新作,0,2
辣妹與恐龍,904000,75333,2020,春番,12,4.9,3500,青木純,Space Neko Company、神風動畫,喜劇,溫馨,,,,,漫畫改編,新作,0,8
王者天下 第三季,1758000,67615,2020,春番,26,4.9,1600,今泉賢一,St.Signpost,歷史,戰爭,,,,,漫畫改編,續作,0,7
SHADOWS HOUSE-影宅- 第二季,767000,63917,2022,夏番,12,4.9,4200,大橋一輝,CloverWorks,奇幻,懸疑,,,,,漫畫改編,續作,0,6
Love Live! SuperStar!! 第二季,268000,22333,2022,夏番,12,4.1,2000,京極尚彦,SUNRISE,校園,青春,偶像,音樂,,,漫畫改編,續作,0,2
機動戰士鋼彈 水星的魔女,2354000,181077,2022,夏番,13,4.8,10600,小林寬,SUNRISE,科幻,機甲,校園,戰爭,,,原創作品,新作,1,18
新來的女傭有點怪,484000,44000,2022,夏番,11,4.7,2900,星野美鈴,SILVER LINK.×BLADE,喜劇,戀愛,悠閒,,,,漫畫改編,新作,0,4
黑之召喚士,1916000,159667,2022,夏番,12,4.7,6100,平池芳正,SATELIGHT,動作,冒險,奇幻,異世界,魔法,,小說改編,新作,1,16
轉生就是劍,2791000,232583,2022,夏番,12,4.9,12400,石平信司,C2C,動作,冒險,奇幻,異世界,魔法,,小說改編,新作,2,23
天籟人偶,302000,25167,2022,夏番,12,4.8,2300,天衝,Bibury Animation Studios,科幻,溫馨,感人,音樂,,,原創作品,新作,0,3
異世界藥局,2199000,183250,2022,夏番,12,4.8,7900,草川啓造,diomedéa,奇幻,異世界,,,,,小說改編,新作,1,18
幕末替身傳說,123000,10250,2022,夏番,12,3.1,1100,平川哲生,GENO STUDIO,動作,冒險,歷史,,,,原創作品,新作,0,1
風都偵探,816000,68000,2022,夏番,12,4.9,4500,椛島洋介,Studio KAI,動作,科幻,推理,,,,漫畫改編,新作,0,7
Dr.STONE 新石紀 (龍水),360000,180000,2022,夏番,2,4.9,3500,松下周平,TMS Entertainment,動作,冒險,奇幻,科幻,勵志,,漫畫改編,續作,1,18
因為是反派大小姐所以養了魔王,874000,72833,2022,夏番,12,4.6,3900,羽原久美子,MAHO FILM.,奇幻,戀愛,,,,,小說改編,新作,0,7
我家師傅沒有尾巴,219000,16846,2022,夏番,13,4.8,1700,山本秀世,LIDENFILMS,悠閒,歷史,,,,,漫畫改編,新作,0,2
惑星公主蜥蜴騎士,329000,13160,2022,夏番,25,3.8,1400,中西伸彰,NAZ,動作,超能力,,,,,漫畫改編,新作,0,1
繼母的拖油瓶是我的前女友,2556000,213000,2022,夏番,12,4.8,10800,柳伸亮,project No.9,校園,喜劇,戀愛,,,,小說改編,新作,2,21
來自深淵 烈日的黃金鄉,2696000,224667,2022,夏番,12,5.0,15700,小島正幸,Kinema Citrus,冒險,奇幻,血腥暴力,黑暗,,,漫畫改編,續作,2,22
契約之吻,2048000,157538,2022,夏番,13,4.7,9900,田中智也,A-1 Pictures,動作,奇幻,科幻,喜劇,戀愛,,原創作品,新作,1,16
幽零幻鏡,66000,5500,2022,夏番,12,4.2,600,霜山朋久,Science SARU,冒險,科幻,,,,,原創作品,新作,0,1
聯盟空軍航空魔法音樂隊 光輝魔女,218000,16769,2022,夏番,13,4.7,1400,佐伯昭志,SHAFT,青春,溫馨,音樂,,,,原創作品,新作,0,2
神渣☆偶像,311000,31100,2022,夏番,10,4.8,2400,福岡大生,Studio 五組,喜劇,偶像,音樂,,,,漫畫改編,新作,0,3
金裝的維爾梅～瀕臨留級的魔法師聯手最強災厄勇闖魔法世界～,140000,11667,2022,夏番,12,4.6,1100,直谷隆,Staple Entertainment,奇幻,魔法,校園,戀愛,,,漫畫改編,新作,0,1
組長女兒與保姆,1291000,107583,2022,夏番,12,4.9,7500,川崎逸朗,feel.、GAINA,溫馨,親情,,,,,漫畫改編,新作,1,11
足球風雲！Goal to the Future,93000,7154,2022,夏番,13,2.4,400,中村憲由,EMT Squared,青春,勵志,運動,競技,,,漫畫改編,續作,0,1
森林裡的熊先生，冬眠中。,164000,18222,2022,夏番,9,3.7,1500,古賀一臣,studio HōKIBOSHI,溫馨,BL,泡麵番,,,,漫畫改編,新作,0,2
叫我對大哥 (WEB版),497000,5344,2021,夏番,93,4.5,600,青木純,Fanworks、SPACE NEKO COMPANY,喜劇,悠閒,泡麵番,闔家觀賞,,,漫畫改編,新作,0,1
星期一的豐滿 第二季,1000000,83333,2021,夏番,12,4.8,3200,小川優樹,横浜アニメーションラボ,戀愛,溫馨,泡麵番,,,,漫畫改編,續作,0,8
蓋特機器人 ARC,339000,26077,2021,夏番,13,4.5,600,川越淳,Bee・Media,動作,冒險,科幻,機甲,,,漫畫改編,續作,0,3
現實主義勇者的王國重建記,6272000,241231,2021,夏番,26,4.6,9000,渡部高志,J.C.STAFF,奇幻,異世界,,,,,小說改編,續作,2,24
偵探已經，死了。,1939000,161583,2021,夏番,12,4.1,6000,栗原學,ENGI,動作,奇幻,超能力,戀愛,推理,,小說改編,新作,1,16
打工吧，魔王大人！第二季,1645000,65800,2022,夏番,25,4.3,4900,筑紫大介,Studio 3Hz,奇幻,異世界,喜劇,戀愛,,,小說改編,續作,0,7
轉生成女性向遊戲只有毀滅 END 的壞人大小姐 X,1892000,145538,2021,夏番,13,4.9,4600,井上圭介,SILVER LINK.,異世界,喜劇,戀愛,,,,小說改編,續作,1,15
Love Live! Superstar!!,669000,55750,2021,夏番,12,4.8,2900,京極尚彦,SUNRISE,校園,青春,偶像,音樂,,,漫畫改編,新作,0,6
瓦尼塔斯的手札,2293000,95542,2021,夏番,24,4.9,5200,板村智幸,BONES,動作,奇幻,魔法,,,,漫畫改編,續作,1,10
我們的重製人生,1864000,155333,2021,夏番,12,4.8,6500,小林智樹,feel.,校園,青春,勵志,時間穿越,,,小說改編,新作,1,16
開掛藥師的異世界悠閒生活,1136000,94667,2021,夏番,12,4.2,2900,佐藤まさふみ,EMT Squared,異世界,溫馨,,,,,小說改編,新作,0,9
平穩世代的韋駄天們,1262000,114727,2021,夏番,11,4.9,4600,城所聖明,MAPPA,動作,超能力,血腥暴力,,,,漫畫改編,新作,1,11
RE-MAIN,347000,28917,2021,夏番,12,4.7,1000,西田征史,MAPPA,校園,青春,運動,競技,,,原創作品,新作,0,3
漂流少年,478000,39833,2021,夏番,12,4.8,2500,夏目真悟,MADHOUSE,冒險,超能力,青春,推理,,,原創作品,新作,0,4
魔法科高中的優等生,1403000,107923,2021,夏番,13,4.3,2300,橘秀樹,CONNECT,奇幻,魔法,科幻,校園,,,漫畫改編,新作,1,11
月光下的異世界之旅,3370000,280833,2021,夏番,12,4.8,5800,石平信司,C2C,冒險,異世界,喜劇,,,,小說改編,新作,2,28
女朋友 and 女朋友,1718000,143167,2021,夏番,12,4.6,5100,桑原智,手塚Production,校園,戀愛,,,,,漫畫改編,續作,1,14
桃子男孩渡海而來,935000,77917,2021,夏番,12,4.0,1800,上田繁,旭 Production,動作,冒險,奇幻,,,,漫畫改編,新作,0,8
暮蟬悲鳴時 卒,682000,45467,2021,夏番,15,4.5,2000,川口敬一郎,Passione,推理,懸疑,血腥暴力,靈異神怪,黑暗,,遊戲改編,續作,0,5
暗夜第六感 2041,11000,917,2021,夏番,12,4.1,100,平川孝充,白組,超能力,科幻,,,,,原創作品,新作,0,0
死神少爺與黑女僕,1165000,97083,2021,夏番,12,4.9,4600,山川吉樹,J.C.STAFF,奇幻,喜劇,戀愛,,,,漫畫改編,續作,1,10
無能力者娜娜,1843000,141769,2020,夏番,13,4.7,3800,石平信司,Bridge,超能力,校園,推理,懸疑,黑暗,,漫畫改編,新作,1,14
大貴族,1360000,97143,2020,夏番,14,4.7,1400,多田俊介、山本靖貴,Production I.G,冒險,奇幻,校園,,,,漫畫改編,新作,1,10
果然我的青春戀愛喜劇搞錯了。完,2809000,234083,2020,夏番,12,4.9,10100,及川啓,feel.,校園,戀愛,青春,,,,小說改編,續作,2,23
刀劍神域 Alicization War of Underworld -THE LAST SEASON-,5845000,487083,2020,夏番,12,3.4,12900,小野學,A-1 Pictures,動作,冒險,奇幻,魔法,科幻,,小說改編,續作,3,49
魔物娘的醫生,1535000,127917,2020,夏番,12,4.7,2000,岩崎良明,ARVO ANIMATION,奇幻,戀愛,,,,,小說改編,新作,1,13
熊熊勇闖異世界,2282000,190167,2020,夏番,12,4.7,4400,信田ユウ,EMT Squared,動作,冒險,奇幻,異世界,,,小說改編,續作,1,19
高校之神,1772000,136308,2020,夏番,13,4.4,2300,朴性厚,MAPPA,動作,超能力,校園,運動,,,漫畫改編,新作,1,14
Lapis Re：LiGHTs,486000,40500,2020,夏番,12,4.8,1600,畑博之,横浜アニメーションラボ,魔法,校園,偶像,音樂,,,原創作品,新作,0,4
小妖怪,51000,1308,2020,夏番,39,3.2,100,イワタナオミ,Fanworks Inc.,靈異神怪,闔家觀賞,泡麵番,,,,漫畫改編,新作,0,0
GET UP！GET LIVE！＃GERA GERA,37000,3083,2020,夏番,12,4.7,100,エイティーエイト,SPELLBOUND,超能力,校園,喜劇,,,,原創作品,新作,0,0
忍者收藏,117000,9000,2020,夏番,13,3.4,300,梅津智史、船田晃,テレビ東京,靈異神怪,泡麵番,,,,,原創作品,新作,0,1
出租女友,4255000,354583,2020,夏番,12,4.7,7400,古賀一臣,TMS ENTERTAINMENT,喜劇,戀愛,青春,,,,漫畫改編,續作,2,35
炎炎消防隊 貳之章,387000,16125,2020,夏番,24,4.8,1000,南川達馬,david production,動作,,,,,,漫畫改編,續作,0,2
點滿農民相關技能後，不知為何就變強了。,1326000,110500,2022,秋番,12,2.7,6200,長濱亘彥,studio A-CAT,冒險,奇幻,喜劇,,,,小說改編,新作,1,11
後宮之烏,936000,72000,2022,秋番,13,4.9,4800,宮脇千鶴,BN Pictures,戀愛,靈異神怪,,,,,小說改編,新作,0,7
被勇者隊伍開除的馭獸使，邂逅了最強種的貓耳少女,2148000,165231,2022,秋番,13,4.5,8100, 濁川敦,EMT Squared,冒險,奇幻,魔法,,,,小說改編,新作,1,17
不道德公會,643000,53583,2022,秋番,12,4.8,3400,朝岡卓矢,TNK,冒險,奇幻,魔法,喜劇,,,漫畫改編,新作,0,5
書蟲公主,486000,40500,2022,秋番,12,4.7,2200,岩崎太郎,MADHOUSE,戀愛,,,,,,小說改編,新作,0,4
飆速宅男 第五季,175000,7000,2022,秋番,25,4.8,200,鍋島修,TMS Entertainment,校園,勵志,運動,,,,漫畫改編,續作,0,1
闇芝居 第九季,91000,7000,2021,夏番,13,3.7,200,ILCA,ILCA,懸疑,靈異神怪,泡麵番,,,,原創作品,續作,0,1
菜鳥鍊金術師開店營業中,1154000,96167,2022,秋番,12,4.6,4600,博史池畠,ENGI,奇幻,魔法,溫馨,,,,小說改編,新作,1,10
BLEACH 死神 千年血戰篇,2645000,203462,2022,秋番,13,4.9,11300,田口智久,Studio Pierrot,動作,冒險,奇幻,血腥暴力,,,漫畫改編,續作,2,20
弩級戰隊 HXEROS,685000,57083,2020,夏番,12,4.5,1200,神保昌登,project No.9,科幻,校園,喜劇,戀愛,,,漫畫改編,新作,0,6
MUV-LUV ALTERNATIVE,561000,46750,2021,秋番,12,4.2,1400,西本由紀夫,FLAGSHIP LINE、ゆめ太カンパニー、Graphinica,科幻,機甲,戀愛,,,,遊戲改編,新作,0,5
萬能戰士無比敵,60000,5000,2021,秋番,12,4.1,300,高橋良輔,手塚プロダクション、タツノコプロ,冒險,科幻,闔家觀賞,,,,原創作品,續作,0,0
獻身給魔王伊伏洛基亞吧,324000,36000,2021,秋番,9,3.6,1100,凪早苗,studio HOKIBOSHI,奇幻,異世界,戀愛,BL,泡麵番,,漫畫改編,新作,0,4
異世界食堂 2,1578000,131500,2021,秋番,12,4.9,5000,神保昌登,OLM,奇幻,異世界,溫馨,料理,,,小說改編,續作,1,13
VISUAL PRISON 視覺監獄,273000,22750,2021,秋番,12,4.5,1300,古田丈司、田中智也,A-1 Pictures,動作,奇幻,音樂,,,,原創作品,新作,0,2
宿命迴響：命運節拍,1594000,132833,2021,秋番,12,4.5,7800,伊藤祐毅,MAPPA×MADHOUSE,動作,冒險,奇幻,音樂,,,原創作品,新作,1,13
世界頂尖的暗殺者轉生為異世界貴族,5810000,484167,2021,秋番,12,4.8,13600,田村正文,SILVER LINK.×studioぱれっと,冒險,奇幻,異世界,,,,小說改編,新作,3,48
境界戰機,462000,35538,2021,秋番,13,3.9,900,羽原信義,BANDAI SPIRITS、SUNRISE BEYOND,科幻,機甲,,,,,原創作品,續作,0,4
逆轉世界的電池少女,276000,23000,2021,秋番,12,4.6,1300,安藤正臣,Lerche,科幻,機甲,,,,,原創作品,新作,0,2
陰陽眼見子,3481000,290083,2021,秋番,12,4.9,12700,小川優樹,Passione,超能力,校園,靈異神怪,,,,漫畫改編,新作,2,29
前輩有夠煩,2546000,212167,2021,秋番,12,5.0,16900,伊藤良太,動画工房,戀愛,職場,,,,,漫畫改編,新作,2,21
進化果實～不知不覺踏上勝利的人生～,1680000,140000,2021,秋番,12,3.1,6900,奥村よしあき,HOTLINE,冒險,奇幻,異世界,,,,小說改編,新作,1,14
吸血鬼馬上死,995000,82917,2021,秋番,12,4.9,4000,神志那弘志,MADHOUSE,奇幻,喜劇,靈異神怪,,,,漫畫改編,新作,0,8
月與萊卡與吸血公主,575000,47917,2021,秋番,12,4.8,2900,橫山彰利,Arvo Animation,科幻,青春,,,,,小說改編,新作,0,5
大正處女御伽話,673000,56083,2021,秋番,12,4.9,3900,羽鳥潤,SynergySP,戀愛,溫馨,,,,,漫畫改編,新作,0,6
狂熱深淵-迷失的孩子,185000,15417,2021,秋番,12,2.5,900,大沼心,SILVER LINK.,冒險,科幻,,,,,原創作品,新作,0,2
橘色榮耀！,100000,8333,2021,秋番,12,4.5,400,安齋剛文,C2C,校園,運動,,,,,原創作品,新作,0,1
四季櫻,101000,8417,2021,秋番,12,3.7,300,須貝真也,サブリメイション,冒險,科幻,,,,,原創作品,新作,0,1
魯邦三世 PART6,305000,12708,2021,秋番,24,4.8,700,菅沼榮治,TMS Entertainment,動作,喜劇,,,,,漫畫改編,續作,0,1
國王排名,6078000,264261,2021,秋番,23,4.7,18600,八田洋介,WIT STUDIO,冒險,奇幻,勵志,溫馨,,,漫畫改編,續作,2,26
鍵等,241000,20083,2021,秋番,12,4.8,1000,坂本一也,LIDENFILMS 京都 Studio,校園,喜劇,泡麵番,,,,遊戲改編,續作,0,2
世界盡頭的聖騎士,1700000,141667,2021,秋番,12,4.3,4300,信田ユウ,Children's Playground Entertainment,冒險,奇幻,魔法,,,,小說改編,續作,1,14
BURN THE WITCH 龍與魔女,306000,102000,2020,秋番,3,4.8,1800,川野達朗,teamヤマヒツヂ／スタジオコロリド,動作,魔法,校園,,,,漫畫改編,新作,1,10
排球少年！！第四季 Part 2,3785000,315417,2020,秋番,12,4.9,5500,佐藤雅子,Production I.G,校園,勵志,運動,,,,漫畫改編,續作,2,32
成神之日,1526000,127167,2020,秋番,12,3.7,4800,淺井義之,P.A. WORKS,科幻,校園,戀愛,,,,原創作品,新作,1,13
戰翼的希格德莉法,438000,36500,2020,秋番,12,4.4,1200,德田大貴,A-1 Pictures,動作,科幻,,,,,原創作品,新作,0,4
魔法科高中的劣等生 來訪者篇,3881000,298538,2020,秋番,13,4.8,4400,吉田りさこ,8bit,奇幻,魔法,科幻,校園,,,小說改編,續作,2,30
阿松 第三季,468000,18720,2020,秋番,25,4.4,700,藤田陽一,studio Pierrot,喜劇,悠閒,,,,,漫畫改編,續作,0,2
請問您今天要來點兔子嗎？BLOOM,552000,46000,2020,秋番,12,4.9,2300,橋本裕之,ENCOURAGE FILMS,喜劇,溫馨,悠閒,,,,漫畫改編,續作,0,5
在魔王城說晚安,3362000,280167,2020,秋番,12,4.9,8800,山崎みつえ,動画工房,奇幻,喜劇,,,,,漫畫改編,新作,2,28
我立於百萬生命之上,2081000,173417,2020,秋番,12,4.1,2100,羽原久美子,MAHO FILM,動作,冒險,奇幻,異世界,魔法,,漫畫改編,續作,1,17
魔女之旅,2471000,205917,2020,秋番,12,4.9,7900,窪岡俊之,C2C,冒險,奇幻,魔法,血腥暴力,黑暗,,小說改編,新作,2,21
勇者鬥惡龍 達伊的大冒險,4643000,45970,2020,秋番,101,4.8,3500,堀井雄二,東映動畫,動作,冒險,,,,,漫畫改編,新作,0,5
眾神眷顧的男人,2406000,200500,2020,秋番,12,4.5,3200,柳瀬雄之,MAHO FILM,奇幻,異世界,魔法,,,,小說改編,新作,2,20
前說！,82000,6308,2020,秋番,13,4.4,200,信田ユウ,Studio 五組、AXsiZ,喜劇,溫馨,職場,,,,原創作品,新作,0,1
體操武士,285000,25909,2020,秋番,11,4.9,1400,清水久敏,MAPPA,勵志,溫馨,親情,運動,競技,闔家觀賞,原創作品,新作,0,3
攀岩少女！,453000,37750,2020,秋番,12,4.5,800,網野哲郎,BLADE,勵志,運動,競技,,,,漫畫改編,新作,0,4
催眠麥克風,761000,58538,2020,秋番,13,4.7,1300,小野勝巳,A-1 Pictures,競技,音樂,,,,,原創作品,續作,0,6
Love Live！虹咲學園 學園偶像同好會,650000,50000,2020,秋番,13,4.8,2300,公野櫻子,SUNRISE,校園,青春,偶像,音樂,,,漫畫改編,新作,0,5
光之戰記 -ZUERST-,182000,15167,2020,秋番,12,4.1,300,細田直人,橫濱アニメーションラボ,冒險,奇幻,,,,,遊戲改編,新作,0,2
小碧藍幻想！,232000,19333,2020,秋番,12,4.7,500,森井ケンシロウ,DMM.futureworks、W-Toon Studio,冒險,奇幻,魔法,喜劇,泡麵番,,遊戲改編,新作,0,2
咒術迴戰,22381000,932542,2020,秋番,24,4.9,20200,朴性厚,MAPPA,動作,奇幻,超能力,校園,血腥暴力,靈異神怪,漫畫改編,新作,3,93
黃金神威 第三季,1266000,105500,2020,秋番,12,5.0,3900,難波日登志,Geno Studio,動作,冒險,料理,歷史,,,漫畫改編,續作,1,11
半妖的夜叉姬,1663000,69292,2020,秋番,24,3.7,1800,佐藤照雄,SUNRISE,冒險,靈異神怪,,,,,漫畫改編,續作,0,7
D4DJ First Mix,381000,27214,2020,秋番,14,4.9,1200,水島精二,三次元,校園,青春,偶像,音樂,,,遊戲改編,續作,0,3
王之逆襲：意志的繼承者,776000,29846,2020,秋番,26,4.1,600,星野真,OLM × SUNRISE BEYOND,冒險,奇幻,,,,,遊戲改編,新作,0,3
鐵路浪漫譚,149000,12417,2020,秋番,12,4.5,500,ひらさわひさよし,サエッタ,戀愛,泡麵番,,,,,遊戲改編,續作,0,1
彼得・格里爾的賢者時間 Super Extra 年齡限制版,569000,47417,2022,秋番,12,4.3,1800,辰美,WolfsBane×Animation StudiO Seven,奇幻,喜劇,18禁,,,,漫畫改編,續作,0,5
土下座跪求給看 年齡限制版,1034000,79539,2020,秋番,13,4.5,1700,永居慎平,アドネロ,動作,喜劇,勵志,18禁,,,漫畫改編,新作,0,8
女神宿舍的管理員。 年齡限制版,1127000,112700,2021,夏番,10,4.7,2300,中重俊祐,Asread,校園,喜劇,戀愛,18禁,,,漫畫改編,新作,1,11
彼得・格里爾的賢者時間 年齡限制版,1339000,111583,2020,夏番,12,4.2,1600,辰美,Wolfsbane,奇幻,喜劇,18禁,,,,漫畫改編,新作,1,11
壽司大相撲,233000,4481,2021,春番,52,4.1,400,助川勇太,白組,喜劇,悠閒,闔家觀賞,泡麵番,,,漫畫改編,新作,0,0
月歌。THE ANIMATION 2,78000,6000,2020,秋番,13,4.1,200,西本由紀夫,Children's Playground Entertainment,偶像,音樂,,,,,原創作品,續作,0,1
